Compound ID,ESOL predicted log solubility in mols per litre,Minimum Degree,Molecular Weight,Number of H-Bond Donors,Number of Rings,Number of Rotatable Bonds,Polar Surface Area,measured log solubility in mols per litre,smiles
citral,-2.579,1,152.237,0,0,4,17.07,-2.06,CC(C)=CCCC(C)=CC(=O)
1-Pentene ,-2.01,1,70.135,0,0,2,0.0,-2.68,CCCC=C
Tetradecane,-5.45,1,198.39399999999995,0,0,11,0.0,-7.96,CCCCCCCCCCCCCC
2-Chloropropane,-1.585,1,78.542,0,0,0,0.0,-1.41,CC(C)Cl
2-Methylbutanol,-1.027,1,88.14999999999998,1,0,2,20.23,-0.47,CCC(C)CO
2-Undecanol,-3.096,1,172.312,1,0,8,20.23,-2.94,CCCCCCCCCC(C)O
Phorate,-3.747,1,260.386,0,0,8,18.46,-4.11,CCOP(=S)(OCC)SCSCC
1-Heptanol,-1.751,1,116.204,1,0,5,20.23,-1.81,CCCCCCCO
Methyl octanoate,-2.608,1,158.241,0,0,6,26.3,-3.17,CCCCCCCC(=O)OC
Terbufos,-4.367,1,288.44,0,0,7,18.46,-4.755,CCOP(=S)(OCC)SCSC(C)(C)C
"1,1-Dichloroethylene",-1.939,1,96.944,0,0,0,0.0,-1.64,ClC(=C)Cl
Valeraldehyde,-1.103,1,86.13399999999999,0,0,3,17.07,-0.85,CCCCC=O
1-Iodoheptane,-3.904,1,226.101,0,0,5,0.0,-4.81,CCCCCCCI
4-Pentene-1-ol,-0.7909999999999999,1,86.134,1,0,3,20.23,-0.15,OCCCC=C
Isopropyl formate,-0.684,1,88.10600000000001,0,0,2,26.3,-0.63,CC(C)OC=O
2-Heptanol ,-1.6780000000000002,1,116.20399999999998,1,0,4,20.23,-1.55,CCCCCC(C)O
1-Octyne ,-2.509,1,110.2,0,0,4,0.0,-3.66,CCCCCCC#C
"2,2,5-Trimethylhexane",-3.631,1,128.259,0,0,2,0.0,-5.05,CC(C)CCC(C)(C)C
2-Pentanone,-0.846,1,86.13399999999999,0,0,2,17.07,-0.19,CCCC(=O)C
Methyl butyrate,-1.545,1,116.15999999999998,0,0,3,26.3,-0.82,CCCOC(=O)CC
Carbromal,-2.198,1,237.097,2,0,3,72.19,-2.68,CCC(Br)(CC)C(=O)NC(N)=O
Pentyl propanoate,-1.899,1,130.18699999999998,0,0,4,26.3,-2.25,CCCCC(=O)OCC
Isopentyl acetate,-1.817,1,130.18699999999998,0,0,3,26.3,-1.92,CC(C)CCOC(=O)C
1-Bromopropane,-1.949,1,122.993,0,0,1,0.0,-1.73,CCCBr
Formothion,-2.087,1,257.273,0,0,6,55.84,-1.995,COP(=S)(OC)SCC(=O)N(C)C=O
Thiourea,0.329,1,76.12400000000002,2,0,0,52.04,0.32,NC(=S)N
Hexachloroethane,-4.215,1,236.74,0,0,0,0.0,-3.67,ClC(Cl)(Cl)C(Cl)(Cl)Cl
1-Nitropropane,-0.816,1,89.09399999999998,0,0,2,43.14,-0.8,CCCN(=O)=O
Propylisopropylether,-1.354,1,102.17699999999998,0,0,3,9.23,-1.34,CCCOC(C)C
Dichloromethane,-1.156,1,84.93299999999998,0,0,0,0.0,-0.63,ClCCl
Methyl formate,-0.048,1,60.05200000000001,0,0,1,26.3,0.58,COC=O
2-Methylpropane,-1.891,1,58.124,0,0,0,0.0,-2.55,CC(C)C
Pentane,-2.261,1,72.15100000000001,0,0,2,0.0,-3.18,CCCCC
2-Methyl-1-Pentene,-2.3480000000000003,1,84.16199999999998,0,0,2,0.0,-3.03,CCCC(=C)C
"2,3,4-Trimethylpentane",-3.276,1,114.232,0,0,2,0.0,-4.8,CC(C)C(C)C(C)C
1-Decene,-3.781,1,140.26999999999998,0,0,7,0.0,-5.51,CCCCCCCCC=C
Glyceryl triacetate,-1.285,1,218.205,0,0,5,78.9,-0.6,CC(=O)OCC(COC(=O)C)OC(=O)C
1-Bromoheptane,-3.366,1,179.101,0,0,5,0.0,-4.43,CCCCCCCBr
Malonic acid diethylester,-1.413,1,160.16899999999995,0,0,4,52.60000000000001,-0.82,CCOC(=O)CC(=O)OCC
trans-2-Pentene ,-2.076,1,70.135,0,0,1,0.0,-2.54,CC/C=C/C
Trichloroethylene,-2.312,1,131.389,0,0,0,0.0,-1.96,ClC=C(Cl)Cl
Methanol,0.441,1,32.042,1,0,0,20.23,1.57,CO
2-Butanone,-0.491,1,72.107,0,0,1,17.07,0.52,CCC(=O)C
1-Hexanol,-1.3969999999999998,1,102.177,1,0,4,20.23,-1.24,CCCCCCO
1-Chloropentane,-2.294,1,106.596,0,0,3,0.0,-2.73,CCCCCCl
"1,3-Butadiene",-1.376,1,54.09199999999999,0,0,1,0.0,-1.87,C=CC=C
Propyl acetate,-1.125,1,102.13299999999998,0,0,2,26.3,-0.72,CCCOC(=O)C
chloroacetamide,-0.106,1,93.51299999999999,1,0,1,43.09,-0.02,NC(=O)CCl 
Caproaldehyde,-1.457,1,100.161,0,0,4,17.07,-1.3,CCCCCC=O
Nerol,-2.603,1,154.253,1,0,4,20.23,-2.46,CC(C)=CCC/C(C)=C\CO
Nitroethane,-0.462,1,75.067,0,0,1,43.14,-0.22,CCN(=O)=O
Meprobamate,-1.376,1,218.253,2,0,6,104.64,-1.807,CCCC(C)(COC(N)=O)COC(N)=O 
Iodomethane,-1.646,1,141.939,0,0,0,0.0,-1.0,CI
5-Nonanone,-2.329,1,142.24200000000002,0,0,6,17.07,-2.58,CCCCC(=O)CCCC
3-Methylpentane,-2.6,1,86.178,0,0,2,0.0,-3.68,CCC(C)CC
Chloroacetonitrile,-0.448,1,75.498,0,0,0,23.79,-0.092,ClCC#N
Ethyl nonanoate,-3.3160000000000003,1,186.295,0,0,8,26.3,-3.8,CCCCCCCCC(=O)OCC
2-Chlorobutane,-1.94,1,92.569,0,0,1,0.0,-1.96,CCC(C)Cl
1-Hexyne ,-1.801,1,82.14599999999999,0,0,2,0.0,-2.36,CCCCC#C
1-Nonyne ,-2.864,1,124.227,0,0,5,0.0,-4.24,CCCCCCCC#C
Diisopropyl ether ,-1.281,1,102.177,0,0,2,9.23,-1.1,CC(C)OC(C)C
Methyl hydrazine,0.5429999999999999,1,46.073,2,0,0,38.05,1.34,CNN
Propyne,-0.672,1,40.06500000000001,0,0,0,0.0,-0.41,CC#C
Propetamphos,-2.826,1,281.314,1,0,7,56.790000000000006,-3.408,CCNP(=S)(OC)OC(=CC(=O)OC(C)C)C
Acrolein,-0.184,1,56.06399999999999,0,0,1,17.07,0.57,C=CC=O
1-Chloropropane,-1.585,1,78.542,0,0,1,0.0,-1.47,CCCCl
Ethyl acetate,-0.77,1,88.10600000000001,0,0,1,26.3,-0.04,CCOC(=O)C
"2,2-Dimethylpentane",-2.938,1,100.20499999999998,0,0,1,0.0,-4.36,CCCC(C)(C)C
dibutyl sebacate,-4.726,1,314.46600000000007,0,0,15,52.60000000000001,-3.896,CCCCOC(=O)CCCCCCCCC(=O)OCCCC
"2-Methyl-1,3-Butadiene ",-1.714,1,68.11900000000001,0,0,1,0.0,-2.03,CC(=C)C=C
linalool,-2.399,1,154.253,1,0,4,20.23,-1.99,CC(C)=CCCC(O)(C)C=C
mannitol,0.647,1,182.172,6,0,5,121.38,0.06,OCC(O)C(O)C(O)C(O)CO 
4-Heptanone,-1.62,1,114.188,0,0,4,17.07,-1.3,CCCC(=O)CCC
"3,3-Dimethyl-2-butanone",-1.25,1,100.161,0,0,0,17.07,-0.72,CC(=O)C(C)(C)C
Trichloroacetonitrile,-2.019,1,144.388,0,0,0,23.79,-2.168,ClC(Cl)(Cl)C#N
2-Decanone,-2.617,1,156.269,0,0,7,17.07,-3.3,CCCCCCCCC(=O)C
Dimethyl sulfide,-0.758,1,62.137,0,0,0,0.0,-0.45,CSC
O-Ethyl carbamate,-0.218,1,89.09400000000002,1,0,1,52.32,0.85,CCOC(=O)N
"2,4-Dimethyl-3-pentanol",-1.6469999999999998,1,116.20399999999998,1,0,2,20.23,-1.22,CC(C)C(O)C(C)C
1-Bromobutane,-2.303,1,137.01999999999998,0,0,2,0.0,-2.37,CCCCBr
4-Methyl-2-pentanone,-1.1840000000000002,1,100.161,0,0,2,17.07,-0.74,CC(C)CC(=O)C
Sorbitol,0.647,1,182.172,6,0,5,121.38,1.09,OCC(O)C(O)C(O)C(O)CO
Ethanethiol,-0.968,1,62.137,1,0,0,0.0,-0.6,CCS
"1,1,2-Trichloroethane",-1.961,1,133.405,0,0,1,0.0,-1.48,ClCC(Cl)Cl
1-Chloroheptane,-3.003,1,134.65,0,0,5,0.0,-4.0,CCCCCCCCl
"1,1,2,2-Tetrachloroethane",-2.549,1,167.85,0,0,1,0.0,-1.74,ClC(Cl)C(Cl)Cl
Dimecron,-2.426,1,299.69099999999986,0,0,8,65.07000000000001,0.523,CCN(CC)C(=O)C(=CCOP(=O)(OC)OC)Cl
1-Chlorohexane,-2.648,1,120.62299999999999,0,0,4,0.0,-3.12,CCCCCCCl
hexacosane,-9.702,1,366.71800000000013,0,0,23,0.0,-8.334,CCCCCCCCCCCCCCCCCCCCCCCCCC
"1,1-Dichloroethane",-1.5759999999999998,1,98.96,0,0,0,0.0,-1.29,CC(Cl)Cl
Tetrachloromethane,-2.607,1,153.82299999999998,0,0,0,0.0,-2.31,ClC(Cl)(Cl)Cl
Methyl t-butyl ether ,-0.984,1,88.14999999999998,0,0,0,9.23,-0.24,COC(C)(C)C
1-Hexadecanol,-4.94,1,242.44699999999992,1,0,14,20.23,-7.0,CCCCCCCCCCCCCCCCO
"2,2-Dimethyl-1-butanol",-1.365,1,102.17699999999998,1,0,2,20.23,-1.04,CCC(C)(C)CO
Ethyl pentanoate,-1.899,1,130.18699999999998,0,0,4,26.3,-1.75,CCCOC(=O)CCC
Propyl formate,-0.757,1,88.10599999999998,0,0,3,26.3,-0.49,CCCOC=O
"2,4-Dimethylpentane",-2.938,1,100.20499999999998,0,0,2,0.0,-4.26,CC(C)CC(C)C
Ethyl decanoate,-3.671,1,200.322,0,0,9,26.3,-4.1,CCCCCCCCCC(=O)OCC
Ethyl propyl ether,-1.072,1,88.14999999999998,0,0,3,9.23,-0.66,CCCOCC
2-Propanol,-0.261,1,60.096,1,0,0,20.23,0.43,CC(C)O
Chlorodibromethane,-2.54,1,208.28,0,0,0,0.0,-1.9,ClC(Br)Br
Malathion,-3.391,1,330.3640000000001,0,0,9,71.06,-3.37,CCOC(=O)CC(SP(=S)(OC)OC)C(=O)OCC
t-Crotonaldehyde,-0.604,1,70.09100000000001,0,0,1,17.07,0.32,C/C=C/C=O
Methyl hexanoate,-1.899,1,130.18699999999998,0,0,4,26.3,-1.87,CCCCCC(=O)OC
Methyl propionate,-0.836,1,88.10600000000001,0,0,1,26.3,-0.14,CCC(=O)OC
Propyl butyrate,-1.1909999999999998,1,102.13299999999998,0,0,2,26.3,-1.92,CCCC(=O)OC
Ethyl hexanoate,-2.254,1,144.21399999999997,0,0,5,26.3,-2.35,CCCCCC(=O)OCC
1-Octene ,-3.073,1,112.21600000000001,0,0,5,0.0,-4.44,CCCCCCC=C
3-Hexanol,-1.324,1,102.177,1,0,3,20.23,-0.8,CCCC(O)CC
2-Nonanol,-2.387,1,144.25799999999998,1,0,6,20.23,-2.74,CCCCCCCC(C)O
3-Hexanone,-1.266,1,100.161,0,0,3,17.07,-0.83,CCCC(=O)CC
Bromochloromethane,-1.519,1,129.384,0,0,0,0.0,-0.89,ClCBr
Disulfiram,-3.862,1,296.55200000000013,0,0,4,6.48,-4.86,CCN(CC)C(=S)SSC(=S)N(CC)CC
1-Octanol,-2.105,1,130.23100000000002,1,0,6,20.23,-2.39,CCCCCCCCO
Diethyl sulfide,-1.598,1,90.191,0,0,2,0.0,-1.34,CCSCC
"1,2-Dichloroethane",-1.374,1,98.96,0,0,1,0.0,-1.06,ClCCCl
2-Chloro-2-methylbutane,-2.278,1,106.596,0,0,1,0.0,-2.51,CCC(C)(C)Cl
1-Chloro-2-bromoethane,-1.7380000000000002,1,143.411,0,0,1,0.0,-1.32,ClCCBr
1-Nonene ,-3.427,1,126.243,0,0,6,0.0,-5.05,CCCCCCCC=C
3-Methyl-3-pentanol,-1.308,1,102.17699999999998,1,0,2,20.23,-0.36,CCC(C)(O)CC
2-Hexanol,-1.324,1,102.17699999999998,1,0,3,20.23,-0.89,CCCCC(C)O
1-Pentanol,-1.042,1,88.14999999999998,1,0,3,20.23,-0.6,CCCCCO
3-chloropropionitrile,-0.522,1,89.525,0,0,1,23.79,-0.29,ClCCC#N 
3-Methyl-2-butanol,-0.954,1,88.14999999999998,1,0,1,20.23,-0.18,CC(C)C(C)O
Methyl decanoate,-3.3160000000000003,1,186.295,0,0,8,26.3,-4.69,CCCCCCCCCC(=O)OC
1-Bromo-2-methylpropane,-2.2880000000000003,1,137.01999999999998,0,0,1,0.0,-2.43,CC(C)CBr
Iodoethane,-2.066,1,155.966,0,0,0,0.0,-1.6,CCI
1-Bromohexane,-3.012,1,165.074,0,0,4,0.0,-3.81,CCCCCCBr
2-Methylpentane,-2.6,1,86.178,0,0,2,0.0,-3.74,CCCC(C)C
Tribromomethane,-2.904,1,252.731,0,0,0,0.0,-1.91,BrC(Br)Br
Trichlorfon,-1.866,1,257.437,1,0,3,55.76000000000001,-0.22,COP(=O)(OC)C(O)C(Cl)(Cl)Cl
2-Bromopropane,-1.949,1,122.993,0,0,0,0.0,-1.59,CC(C)Br
"2,2,4-Trimethylpentane",-3.276,1,114.232,0,0,1,0.0,-4.74,CC(C)CC(C)(C)C
Propane,-1.5530000000000002,1,44.097,0,0,0,0.0,-1.94,CCC
Ethyl vinyl ether,-0.857,1,72.10700000000001,0,0,2,9.23,-0.85,CCOC=C
1-Butyne,-1.092,1,54.09199999999999,0,0,0,0.0,-1.24,CCC#C
3-Methyl-3-heptanol,-2.017,1,130.23099999999997,1,0,4,20.23,-1.6,CCCCC(C)(O)CC
Acetonitrile,0.152,1,41.053000000000004,0,0,0,23.79,0.26,CC#N
"1,1,1,2-Tetrachloroethane",-2.794,1,167.85,0,0,0,0.0,-2.18,ClCC(Cl)(Cl)Cl
1-Butanol,-0.688,1,74.12299999999998,1,0,2,20.23,0.0,CCCCO
3-Methylbutan-1-ol,-1.027,1,88.14999999999998,1,0,2,20.23,-0.51,CC(C)CCO
2-Methylpropene,-1.5730000000000002,1,56.108,0,0,0,0.0,-2.33,CC(=C)C
"2,3-Dimethyl-1,3-Butadiene",-2.052,1,82.146,0,0,1,0.0,-2.4,CC(=C)C(=C)C
1-Iodopropane,-2.486,1,169.993,0,0,1,0.0,-2.29,CCCI
1-Propanol,-0.334,1,60.096000000000004,1,0,1,20.23,0.62,CCCO
2-Pentanol,-0.97,1,88.14999999999998,1,0,2,20.23,-0.29,CCCC(C)O
"Hexachloro-1,3-butadiene",-4.546,1,260.762,0,0,1,0.0,-4.92,ClC(=C(Cl)C(=C(Cl)Cl)Cl)Cl
3-Methyl-2-pentanol,-1.308,1,102.177,1,0,3,20.23,-0.71,CCC(C)CCO
1-Iodobutane,-2.841,1,184.02,0,0,2,0.0,-2.96,CCCCI
Ethyl octanoate,-2.962,1,172.26799999999997,0,0,7,26.3,-3.39,CCCCCCCC(=O)OCC
Diethyldisulfide,-2.364,1,122.258,0,0,3,0.0,-2.42,CCSSCC
"1,2-Diethoxyethane ",-0.833,1,118.176,0,0,5,18.46,-0.77,CCOCCOCC
1-Heptene,-2.718,1,98.189,0,0,4,0.0,-3.73,CCCCCC=C
Pebulate,-3.131,1,203.351,0,0,6,20.31,-3.53,CCCCN(CC)C(=O)SCCC
Butyl acetate,-1.111,1,102.13299999999998,0,0,4,26.3,-1.37,CCCCOC=O
Bromodichloromethane,-2.176,1,163.82899999999995,0,0,0,0.0,-1.54,BrC(Cl)Cl
Bromomethane,-1.109,1,94.939,0,0,0,0.0,-0.79,CBr
3-Methyl-1-Butene,-1.994,1,70.135,0,0,1,0.0,-2.73,CC(C)C=C
Ethane,-1.132,1,30.07,0,0,0,0.0,-1.36,CC
Acetamide,0.494,1,59.068000000000005,1,0,0,43.09,1.58,CC(=O)N
"3,3-Dimethyl-2-butanol",-1.2919999999999998,1,102.177,1,0,0,20.23,-0.62,CC(O)C(C)(C)C
Methyl pentanoate,-1.545,1,116.15999999999998,0,0,3,26.3,-1.36,CCCC(=O)OCC
1-Nonanol,-2.46,1,144.25799999999998,1,0,7,20.23,-3.01,CCCCCCCCCO
Dibromomethane,-1.883,1,173.83499999999995,0,0,0,0.0,-1.17,BrCBr
Butylate,-3.4530000000000003,1,217.378,0,0,5,20.31,-3.68,CCSC(=O)N(CC(C)C)CC(C)C
nitroglycerin,-2.029,1,227.085,0,0,8,157.11,-2.22,O=N(=O)OCC(CON(=O)=O)ON(=O)=O 
1-Chlorobutane,-1.94,1,92.569,0,0,2,0.0,-2.03,CCCCCl
"1,3-diethylthiourea",-1.028,1,132.232,2,0,2,24.06,-1.46,CCNC(=S)NCC
Propyl propanoate,-1.545,1,116.15999999999998,0,0,3,26.3,-1.34,CCCCC(=O)OC
Ethyl butyrate,-2.254,1,144.21399999999997,0,0,5,26.3,-1.28,CCCCCOC(=O)CC
Bromoethane,-1.529,1,108.96600000000001,0,0,0,0.0,-1.09,CCBr
3-Hexyne,-1.933,1,82.14599999999999,0,0,0,0.0,-1.99,CCC#CCC
2-Methyl-1-Butene,-1.994,1,70.13499999999999,0,0,1,0.0,-2.73,CCC(=C)C
"1,1-Diethoxyethane ",-0.899,1,118.176,0,0,4,18.46,-0.43,CCOC(C)OCC
2-Butoxyethanol,-0.775,1,118.176,1,0,5,29.46,-0.42,CCCCOCCO
"1,3-Dichloropropane",-1.618,1,112.987,0,0,2,0.0,-1.62,ClCCCCl
"2,3-Dimethylbutane",-2.584,1,86.178,0,0,1,0.0,-3.65,CC(C)C(C)C
1-Butene,-1.655,1,56.108000000000004,0,0,1,0.0,-1.94,CCC=C
"1,1,2-Trichlorotrifluoroethane",-3.077,1,187.37500000000003,0,0,1,0.0,-3.04,FC(F)(Cl)C(F)(Cl)Cl
Propionitrile,-0.269,1,55.07999999999999,0,0,0,23.79,0.28,CCC#N
Glycerol,0.688,1,92.094,3,0,2,60.69,1.12,OCC(O)CO
Methyl butyl ether ,-1.072,1,88.14999999999998,0,0,3,9.23,-0.99,CCCCOC
"N,N-Dimethylacetamide",0.123,1,87.12199999999999,0,0,0,20.31,1.11,CN(C)C(=O)C
Ethylene,-0.815,1,28.053999999999995,0,0,0,0.0,-0.4,C=C
"3,3-Dimethyl-1-butanol",-1.365,1,102.177,1,0,1,20.23,-0.5,CC(C)(C)CCO
Diisopropylsulfide,-2.162,1,118.245,0,0,2,0.0,-2.24,CC(C)SC(C)C
Ethion,-5.471,1,384.48700000000014,0,0,12,36.92,-5.54,CCOP(=S)(OCC)SCSP(=S)(OCC)OCC
"2,2-Dimethylpentanol",-1.719,1,116.20399999999998,1,0,3,20.23,-1.52,CCCC(C)(C)CO
Methyl propyl ether ,-0.718,1,74.12299999999998,0,0,2,9.23,-0.39,CCCOC
Isopropyl acetate,-1.1909999999999998,1,102.133,0,0,1,26.3,-0.55,CC(C)OC(=O)C
Chloroethylene,-1.188,1,62.498999999999995,0,0,0,0.0,-1.75,ClC=C
Tetrabromomethane,-4.063,1,331.6269999999999,0,0,0,0.0,-3.14,BrC(Br)(Br)Br
Nonane,-3.678,1,128.259,0,0,6,0.0,-5.88,CCCCCCCCC
2-Methylheptane,-3.3080000000000003,1,114.232,0,0,4,0.0,-5.08,CCCCCC(C)C
2-Methyl-3-pentanol,-1.308,1,102.177,1,0,2,20.23,-0.7,CCC(O)C(C)C
Heptane,-2.97,1,100.205,0,0,4,0.0,-4.53,CCCCCCC
2-Heptanone,-1.554,1,114.188,0,0,4,17.07,-1.45,CCCCCC(=O)C
Acephate,-0.416,1,183.169,1,0,3,55.4,0.54,COP(=O)(NC(C)=O)SC 
DEF,-4.074,1,314.5220000000001,0,0,12,17.07,-5.14,CCCCSP(=O)(SCCCC)SCCCC
2-Methy-2-Butene,-1.994,1,70.13499999999999,0,0,0,0.0,-2.56,CC=C(C)C
3-Methyl-3-hexanol,-1.663,1,116.20399999999998,1,0,3,20.23,-0.98,CCCC(C)(O)CC
Octane,-3.324,1,114.23200000000001,0,0,5,0.0,-5.24,CCCCCCCC
Propionaldehyde,-0.394,1,58.08,0,0,1,17.07,0.58,CCC=O
Trichloromethane,-1.812,1,119.378,0,0,0,0.0,-1.17,ClC(Cl)Cl
2-Ethylhexanal,-2.232,1,128.21499999999997,0,0,5,17.07,-2.13,CCCCC(CC)C=O
2-Ethylbutanal,-1.523,1,100.161,0,0,3,17.07,-1.52,CCC(CC)C=O
Dipropyl ether,-1.426,1,102.177,0,0,4,9.23,-1.62,CCCOCCC
1-Tetradecanol,-4.231,1,214.39299999999997,1,0,12,20.23,-5.84,CCCCCCCCCCCCCCO
Urea,0.8320000000000001,1,60.056000000000004,2,0,0,69.11,0.96,NC(=O)N
1-Pentyne,-1.446,1,68.11899999999999,0,0,1,0.0,-1.64,CCCC#C
1-Octadecanol,-5.649,1,270.50099999999986,1,0,16,20.23,-8.4,CCCCCCCCCCCCCCCCCCO
Isopentyl formate,-1.449,1,116.15999999999998,0,0,4,26.3,-1.52,CC(C)CCOC=O
Triethyl phosphate,-0.953,1,182.156,0,0,6,44.76000000000001,0.43,CCOP(=O)(OCC)OCC
2-Nitropropane,-0.743,1,89.094,0,0,1,43.14,-0.62,CC(C)N(=O)=O
Erythritol,0.675,1,122.12,4,0,3,80.92,0.7,OCC(O)C(O)CO
Azodrin,-0.949,1,223.165,1,0,5,73.86,0.6509999999999999,CNC(=O)C=C(C)OP(=O)(OC)OC
"2,3-Dimethylpentane",-2.938,1,100.20499999999998,0,0,2,0.0,-4.28,CCC(C)C(C)C
1-Heptyne,-2.155,1,96.173,0,0,3,0.0,-3.01,CCCCCC#C
1-Chloro-2-methylpropane,-1.924,1,92.569,0,0,1,0.0,-2.0,ClCC(C)C
methyl laurate,-4.025,1,214.349,0,0,10,26.3,-4.69,CCCCCCCCCCCC(=O)OC
Di-n-propylsulfide,-2.307,1,118.245,0,0,4,0.0,-2.58,CCCSCCC
1-Bromopentane,-2.658,1,151.047,0,0,3,0.0,-3.08,CCCCCBr
trans-2-Heptene ,-2.784,1,98.18899999999998,0,0,3,0.0,-3.82,CCCC/C=C/C
"1,1,1-Trichloroethane",-2.232,1,133.405,0,0,0,0.0,-2.0,CC(Cl)(Cl)Cl
Diethyl ether ,-0.718,1,74.123,0,0,2,9.23,-0.09,CCOCC
Dimethoxymethane,0.092,1,76.095,0,0,2,18.46,0.48,COCOC
Butan-2-ol,-0.616,1,74.12299999999998,1,0,1,20.23,0.47,CCC(C)O
allicin,-2.045,1,162.27899999999997,0,0,5,17.07,-0.83,C=CCS(=O)SCC=C
Isobutyl formate,-1.095,1,102.13299999999998,0,0,3,26.3,-1.01,CC(C)COC=O
Hexane ,-2.615,1,86.178,0,0,3,0.0,-3.84,CCCCCC
Naled,-3.548,1,380.784,0,0,5,44.76000000000001,-2.28,COP(=O)(OC)OC(Br)C(Cl)(Cl)Br
"2,4-Dimethyl-2-pentanol ",-1.6469999999999998,1,116.20399999999998,1,0,2,20.23,-0.92,CC(C)CC(C)(C)O
"2,2-Dimethylbutane",-2.584,1,86.17799999999998,0,0,0,0.0,-3.55,CCC(C)(C)C
"1,4-Pentadiene ",-1.758,1,68.119,0,0,2,0.0,-2.09,C=CCC=C
3-Octanol,-2.033,1,130.23099999999997,1,0,5,20.23,-1.98,CCCCCC(O)CC
2-Methylpentanol,-1.381,1,102.177,1,0,3,20.23,-1.11,CCCC(C)CO
2-Methyl-2-hexanol,-1.663,1,116.20399999999998,1,0,3,20.23,-1.08,CCCCC(C)(C)O
Methoprene,-4.795,1,310.47800000000007,0,0,10,35.53,-5.19,COC(C)(C)CCCC(C)CC=CC(C)=CC(=O)OC(C)C
Ethyl propionate,-1.1909999999999998,1,102.133,0,0,2,26.3,-0.66,CCOC(=O)CC
2-cyanoguanidine,0.361,1,84.08200000000001,2,0,0,88.19,-0.31,NC(N)=NC#N 
Chloropicrin,-1.866,1,164.375,0,0,0,43.14,-2.0,ClC(Cl)(Cl)N(=O)=O
Ethyl heptanoate,-2.608,1,158.241,0,0,6,26.3,-2.74,CCCCCCC(=O)OCC
Methyl acetate,-0.416,1,74.07900000000002,0,0,0,26.3,0.46,COC(=O)C
1-Hexene-3-ol,-1.199,1,100.161,1,0,3,20.23,-0.59,CCCC(O)C=C
Dibutyl ether ,-2.135,1,130.231,0,0,6,9.23,-1.85,CCCCOCCCC
1-Dodecanol,-3.523,1,186.339,1,0,10,20.23,-4.8,CCCCCCCCCCCCO
2-Methyl-2-pentanol,-1.308,1,102.17699999999998,1,0,2,20.23,-0.49,CCCC(C)(C)O
2-Methyl-2-heptanol,-2.017,1,130.231,1,0,4,20.23,-1.72,CCCCCC(C)(C)O
Methane,-0.636,0,16.043,0,0,0,0.0,-0.9,C
3-Methyl-2-pentanone,-1.266,1,100.161,0,0,2,17.07,-0.67,CCC(C)C(=O)C
Nitromethane,-0.042,1,61.040000000000006,0,0,0,43.14,0.26,CN(=O)=O
Triallate,-4.578,1,304.67,0,0,4,20.31,-4.88,CC(C)N(C(C)C)C(=O)SCC(Cl)=C(Cl)Cl
"1,5-Hexadiene ",-2.112,1,82.14599999999999,0,0,3,0.0,-2.68,C=CCCC=C
1-Hexene,-2.364,1,84.16199999999998,0,0,3,0.0,-3.23,CCCCC=C
2-Nonanone,-2.263,1,142.24200000000002,0,0,6,17.07,-2.58,CCCCCCCC(=O)C
Ethyne,-0.252,1,26.038,0,0,0,0.0,0.29,C#C
Mecarbam,-3.738,1,329.3800000000001,0,0,8,65.07000000000001,-2.518,CCOC(=O)N(C)C(=O)CSP(=S)(OCC)OCC
"1,2-Dichloropropane",-1.794,1,112.987,0,0,1,0.0,-1.6,CC(Cl)CCl
2-Ethyl-2-hexanal,-2.081,1,126.19899999999998,0,0,4,17.07,-2.46,CCCC=C(CC)C=O
Disulfoton,-3.975,1,274.413,0,0,9,18.46,-4.23,CCOP(=S)(OCC)SCCSCC
1-Pentadecanol,-4.586,1,228.41999999999996,1,0,13,20.23,-6.35,CCCCCCCCCCCCCCCO
2-Iodopropane,-2.486,1,169.993,0,0,0,0.0,-2.09,CC(C)I
3-Methyl-2-butanone,-0.912,1,86.13399999999999,0,0,1,17.07,-0.12,CC(C)C(=O)C
Hexadecane,-6.159,1,226.44799999999992,0,0,13,0.0,-8.4,CCCCCCCCCCCCCCCC
2-Octanone,-1.909,1,128.21499999999997,0,0,5,17.07,-2.05,CCCCCCC(=O)C
Methyl nonanoate,-2.962,1,172.268,0,0,7,26.3,-3.38,CCCCCCCCC(=O)OC
Ethanol,0.02,1,46.068999999999996,1,0,0,20.23,1.1,CCO
1-Bromooctane,-3.721,1,193.128,0,0,6,0.0,-5.06,CCCCCCCCBr
3-Pentanol,-0.97,1,88.15,1,0,2,20.23,-0.24,CCC(O)CC
4-Methylpentanol,-1.381,1,102.177,1,0,3,20.23,-1.14,CC(C)CCCO
2-Methylbutan-2-ol,-0.954,1,88.14999999999998,1,0,1,20.23,0.15,CCC(C)(C)O
Ethyl formate,-0.402,1,74.07900000000002,0,0,2,26.3,0.15,CCOC=O
Butanethiol ,-1.676,1,90.191,1,0,2,0.0,-2.18,CCCCS
Tetrachloroethylene,-3.063,1,165.834,0,0,0,0.0,-2.54,ClC(=C(Cl)Cl)Cl
3-Pentanone,-0.912,1,86.134,0,0,2,17.07,-0.28,CCC(=O)CC
Acrylonitrile,-0.354,1,53.06399999999999,0,0,0,23.79,0.15,C=CC#N
2-Hexanone,-1.2,1,100.161,0,0,3,17.07,-0.8,CCCCC(=O)C
3-Methylheptane,-3.3080000000000003,1,114.232,0,0,4,0.0,-5.16,CCCCC(C)CC
"1,2-Dibromoethane",-2.102,1,187.862,0,0,1,0.0,-1.68,BrCCBr
Methyl acrylate,-0.878,1,86.09,0,0,1,26.3,-0.22,COC(=O)C=C
3-Ethyl-3-pentanol,-1.663,1,116.204,1,0,3,20.23,-0.85,CCC(O)(CC)CC
"2,4-Dimethyl-3-pentanone",-1.7519999999999998,1,114.18799999999996,0,0,2,17.07,-1.3,CC(C)C(=O)C(C)C
Dimethyldisulfide,-1.524,1,94.204,0,0,1,0.0,-1.44,CSSC
3-Heptanol ,-1.6780000000000002,1,116.20399999999998,1,0,4,20.23,-1.47,CCCCC(O)CC
2-Ethyl-1-hexanol,-2.089,1,130.231,1,0,5,20.23,-2.11,CCCCC(CC)CO
Diallate,-3.827,1,270.225,0,0,4,20.31,-4.2860000000000005,CC(C)N(C(C)C)C(=O)SCC(=CCl)Cl
Thiram,-2.444,1,240.444,0,0,0,6.48,-3.9,CN(C)C(=S)SSC(=S)N(C)C 
1-Decanol,-2.814,1,158.285,1,0,8,20.23,-3.63,CCCCCCCCCCO
"3,3-Dimethylpentane",-2.938,1,100.20499999999998,0,0,2,0.0,-4.23,CCC(C)(C)CC
vamidothion,-1.446,1,287.343,1,0,8,64.63000000000001,1.144,CNC(=O)C(C)SCCSP(=O)(OC)(OC)
Butyraldehyde,-0.7490000000000001,1,72.107,0,0,2,17.07,-0.01,CCCC=O
Butane,-1.907,1,58.124,0,0,1,0.0,-2.57,CCCC
Pentachloroethane,-3.382,1,202.295,0,0,0,0.0,-2.6,ClC(Cl)C(Cl)(Cl)Cl
2-Methylpropan-1-ol,-0.672,1,74.12299999999998,1,0,1,20.23,0.1,CC(C)CO
Diiodomethane,-2.958,1,267.835,0,0,0,0.0,-2.34,ICI
4-Heptanol,-1.6780000000000002,1,116.204,1,0,4,20.23,-1.4,CCCC(O)CCC
Pentyl acetate,-1.833,1,130.18699999999998,0,0,4,26.3,-1.89,CCCCCOC(=O)C
"1,2-Dichlorotetrafluoroethane",-2.697,1,170.92000000000004,0,0,1,0.0,-2.74,FC(F)(Cl)C(F)(F)Cl
2-butenal,-0.604,1,70.09100000000001,0,0,1,17.07,0.32,CC=CC=O
tetramethylurea,-0.495,1,116.164,0,0,0,23.550000000000004,0.94,CN(C)C(=O)N(C)C 
Sulfallate,-3.254,1,223.794,0,0,4,3.24,-3.39,CCN(CC)C(=S)SCC(Cl)=C
Chloroethane,-1.165,1,64.515,0,0,0,0.0,-1.06,ClCC
cis-2-Pentene,-2.076,1,70.135,0,0,1,0.0,-2.54,CC/C=C\C
thiofanox,-2.7,1,218.322,1,0,3,50.69,-1.62,CNC(=O)ON=C(CSC)C(C)(C)C 
Eicosane,-7.576,1,282.55599999999987,0,0,17,0.0,-8.172,CCCCCCCCCCCCCCCCCCCC
2-Ethyl-1-butanol,-1.381,1,102.177,1,0,3,20.23,-1.17,CCC(CC)CO
"cis 1,2-Dichloroethylene",-1.561,1,96.94400000000002,0,0,0,0.0,-1.3,Cl\C=C/Cl
4-Methyl-2-pentanol,-1.308,1,102.17699999999998,1,0,2,20.23,-0.8,CC(C)CC(C)O
"2,2-Dimethylpropanol",-1.011,1,88.14999999999998,1,0,0,20.23,-0.4,CC(C)(C)CO
Propylene,-1.235,1,42.081,0,0,0,0.0,-1.08,CC=C
2-Octanol,-2.033,1,130.231,1,0,5,20.23,-2.09,CCCCCCC(C)O
Isobutyl acetate,-1.463,1,116.15999999999998,0,0,2,26.3,-1.21,CC(C)COC(=O)C
"2,2,3-Trimethylbutane",-2.922,1,100.20499999999998,0,0,0,0.0,-4.36,CC(C)C(C)(C)C
halothane,-2.608,1,197.38099999999997,0,0,0,0.0,-1.71,FC(F)(F)C(Cl)Br 
Oxamyl,-0.908,1,219.266,1,0,1,70.99999999999999,0.106,CNC(=O)ON=C(SC)C(=O)N(C)C
Thiometon,-3.323,1,246.359,0,0,7,18.46,-3.091,CCSCCSP(=S)(OC)OC
2-Methylbutane,-2.245,1,72.15100000000001,0,0,1,0.0,-3.18,CCC(C)C
Benzonitrile,-2.03,1,103.12399999999997,0,1,0,23.79,-1.0,N#Cc1ccccc1
Phenacetin,-2.342,1,179.21900000000002,1,1,3,38.33,-2.35,CCOc1ccc(NC(=O)C)cc1
Dinitramine,-4.479,1,322.243,1,1,5,115.54000000000002,-5.47,CCN(CC)c1c(cc(c(N)c1N(=O)=O)C(F)(F)F)N(=O)=O
"1,4-Diethylbenzene ",-3.633,1,134.22199999999998,0,1,2,0.0,-3.75,CCc1ccc(CC)cc1
Fenothiocarb,-3.297,1,253.36700000000002,0,1,6,29.540000000000006,-3.927,CN(C)C(=O)SCCCCOc1ccccc1
p-Bromoacetanilide,-3.012,1,214.062,1,1,1,29.1,-3.083,CC(=O)Nc1ccc(Br)cc1
2-Methylphenol,-2.281,1,108.14,1,1,0,20.23,-0.62,Cc1ccccc1O
p-Aminophenol,-1.231,1,109.128,2,1,0,46.25,-0.8,Nc1ccc(O)cc1
p-Xylene ,-3.035,1,106.168,0,1,0,0.0,-2.77,Cc1ccc(C)cc1
"1,2-Diethylbenzene",-3.6010000000000004,1,134.22199999999998,0,1,2,0.0,-3.28,CCc1ccccc1CC
"2,3-Dichloronitrobenzene",-3.322,1,192.00100000000003,0,1,1,43.14,-3.48,O=N(=O)c1c(Cl)c(Cl)ccc1
Chlorothalonil,-3.995,1,265.914,0,1,0,47.58,-5.64,c1(C#N)c(Cl)c(C#N)c(Cl)c(Cl)c(Cl)1
Isopropylbenzene ,-3.265,1,120.19499999999996,0,1,1,0.0,-3.27,CC(C)c1ccccc1
o-Nitrophenol,-2.318,1,139.11,1,1,1,63.37,-1.74,Oc1ccccc1N(=O)=O
Ioxynil,-4.615,1,370.915,1,1,0,44.02,-3.61,Oc1c(I)cc(C#N)cc1I
Phenol,-1.991,1,94.113,1,1,0,20.23,0.0,c1ccccc1O
Anilofos,-5.106,1,367.86,0,1,7,38.77,-4.432,COP(=S)(OC)SCC(=O)N(C(C)C)c1ccc(Cl)cc1
Hexylbenzene ,-4.22,1,162.276,0,1,5,0.0,-5.21,CCCCCCc1ccccc1
Pentachlorobenzene,-5.167999999999998,1,250.33900000000003,0,1,0,0.0,-5.65,Clc1cc(Cl)c(Cl)c(Cl)c1Cl
m-Nitrophenol,-2.318,1,139.11,1,1,1,63.37,-1.01,Oc1cccc(c1)N(=O)=O
ethiofencarb,-2.855,1,225.313,1,1,4,38.33,-2.09,CCSCc1ccccc1OC(=O)NC 
p-t-Butylphenol,-3.192,1,150.22099999999998,1,1,0,20.23,-2.41,CC(C)(C)c1ccc(O)cc1
m-Chloroiodobenzene,-4.384,1,238.455,0,1,0,0.0,-3.55,Clc1cccc(I)c1
m-Xylene ,-3.035,1,106.168,0,1,0,0.0,-2.82,Cc1cccc(C)c1
"1,3-Benzenediol",-1.59,1,110.11199999999998,2,1,0,40.46,0.81,Oc1cccc(O)c1
Iodofenphos,-6.148,1,413.0,0,1,4,27.69,-6.62,COP(=S)(OC)Oc1cc(Cl)c(I)cc1Cl
4-Chlorotoluene,-3.297,1,126.586,0,1,0,0.0,-3.08,Cc1ccc(Cl)cc1
Butamben,-3.039,1,193.246,1,1,4,52.32,-3.082,CCCCOC(=O)c1ccc(N)cc1
Ethalfluralin,-5.063,1,333.26599999999996,0,1,6,89.51999999999998,-6.124,CCN(CC(C)=C)c1c(cc(cc1N(=O)=O)C(F)(F)F)N(=O)=O
"1,2,3,4-Tetrachlorobenzene",-4.546,1,215.894,0,1,0,0.0,-4.57,Clc1ccc(Cl)c(Cl)c1Cl
Trichloronate,-5.225,1,333.6040000000001,0,1,5,18.46,-5.752000000000002,CCOP(=S)(CC)Oc1cc(Cl)c(Cl)cc1Cl
"1,2,3,5-Tetrachlorobenzene",-4.621,1,215.894,0,1,0,0.0,-4.63,Clc1cc(Cl)c(Cl)c(Cl)c1
o-Aminophenol,-1.465,1,109.128,2,1,0,46.25,-0.72,Nc1ccccc1O
metalaxyl,-2.87,1,279.336,0,1,5,55.84,-1.601,COCC(=O)N(C(C)C(=O)OC)c1c(C)cccc1C 
Propoxur,-2.4090000000000003,1,209.245,1,1,3,47.56,-2.05,CNC(=O)Oc1ccccc1OC(C)C
2-Chlorotoluene,-3.297,1,126.586,0,1,0,0.0,-3.52,Cc1ccccc1Cl
Phoxim,-4.557,1,298.30400000000003,0,1,7,63.84,-4.862,CCOP(=S)(OCC)ON=C(C#N)c1ccccc1
Fluorobenzene,-2.514,1,96.10399999999998,0,1,0,0.0,-1.8,Fc1ccccc1
Pentamethylbenzene,-3.993,1,148.249,0,1,0,0.0,-4.0,Cc1cc(C)c(C)c(C)c1C
Carbophenthion,-5.8279999999999985,1,342.875,0,1,8,18.46,-5.7360000000000015,CCOP(=S)(OCC)SCSc1ccc(Cl)cc1
"2,4-Dinitrotoluene",-2.604,1,182.135,0,1,2,86.28,-2.82,Cc1ccc(cc1N(=O)=O)N(=O)=O
Formetanate,-1.846,1,221.26,1,1,3,53.93,-2.34,CNC(=O)Oc1cccc(N=CN(C)C)c1
Fenthion,-4.265,1,278.335,0,1,5,27.69,-4.57,COP(=S)(OC)Oc1ccc(SC)c(C)c1
Phenylthiourea,-1.7009999999999998,1,152.22199999999995,2,1,1,38.05,-1.77,NC(=S)Nc1ccccc1
4-Chlorophenol ,-2.761,1,128.558,1,1,0,20.23,-0.7,Oc1ccc(Cl)cc1
m-Methylaniline,-1.954,1,107.156,1,1,0,26.02,-0.85,Cc1cccc(N)c1
Benzocaine,-2.383,1,165.19199999999995,1,1,2,52.32,-2.616,CCOC(=O)c1ccc(N)cc1
"1,2,4-Trichlorobenzene",-4.083,1,181.449,0,1,0,0.0,-3.59,Clc1ccc(Cl)c(Cl)c1
"1,2-Benzenediol",-1.635,1,110.11199999999998,2,1,0,40.46,0.62,Oc1ccccc1O
2-Bromotoluene,-3.667,1,171.03699999999995,0,1,0,0.0,-2.23,Cc1ccccc1Br
N-Ethylaniline,-2.389,1,121.18299999999996,1,1,2,12.03,-1.7,CCNc1ccccc1
Monuron,-2.6710000000000003,1,198.653,1,1,1,32.34,-2.89,CN(C)C(=O)Nc1ccc(Cl)cc1
"1,2,4,5-Tetrabromobenzene",-6.001,1,393.698,0,1,0,0.0,-6.98,Brc1cc(Br)c(Br)cc1Br
4-Chloroanisole,-3.057,1,142.585,0,1,1,9.23,-2.78,COc1ccc(Cl)cc1
Fenitrothion,-3.845,1,277.238,0,1,5,70.83000000000001,-4.04,COP(=S)(OC)Oc1ccc(N(=O)=O)c(C)c1
o-Hydroxybenzamide,-1.942,1,137.13799999999998,2,1,1,63.32000000000001,-1.82,NC(=O)c1ccccc1O
o-Nitrotoluene,-2.589,1,137.138,0,1,1,43.14,-2.33,Cc1ccccc1N(=O)=O
2-Ethyltoluene,-3.2960000000000003,1,120.19499999999996,0,1,1,0.0,-3.21,CCc1ccccc1C
dibutylphthalate,-4.378,1,278.348,0,1,8,52.60000000000001,-4.4,CCCCOC(=O)c1ccccc1C(=O)OCCCC 
tetrachloroguaiacol,-4.299,1,261.91900000000004,1,1,1,29.46,-4.02,COc1c(O)c(Cl)c(Cl)c(Cl)c1Cl 
p-Nitroanisole,-2.522,1,153.13699999999997,0,1,2,52.37,-2.41,COc1ccc(cc1)N(=O)=O
Sulfanilamide,-0.954,1,172.20899999999997,2,1,1,86.18,-1.34,Nc1ccc(cc1)S(N)(=O)=O
Isopropalin,-5.306,1,309.3660000000001,0,1,8,89.51999999999998,-6.49,CCCN(CCC)c1c(cc(cc1N(=O)=O)C(C)C)N(=O)=O
Isofenphos,-4.538,1,345.4010000000002,1,1,8,56.790000000000006,-4.194,CCOP(=S)(NC(C)C)Oc1ccccc1C(=O)OC(C)C
"1,2,3-Trichlorobenzene",-4.008,1,181.449,0,1,0,0.0,-4.0,Clc1cccc(Cl)c1Cl
"3,4-Dichloronitrobenzene",-3.448,1,192.00099999999998,0,1,1,43.14,-3.2,O=N(=O)c1cc(Cl)c(Cl)cc1
Dulcin,-2.167,1,180.207,2,1,3,64.35,-2.17,CCOc1ccc(NC(N)=O)cc1
Anethole,-3.254,1,148.20499999999996,0,1,2,9.23,-3.13,COc1ccc(C=CC)cc1
Isoproturon,-2.867,1,206.28900000000002,1,1,2,32.34,-3.536,CC(C)c1ccc(NC(=O)N(C)C)cc1
"2,4,6-Trinitrotoluene",-2.6060000000000003,1,227.132,0,1,3,129.42000000000002,-3.22,Cc1c(cc(cc1N(=O)=O)N(=O)=O)N(=O)=O
Bensulide,-4.99,1,397.52400000000006,1,1,10,64.63,-4.2,CC(C)OP(=S)(OC(C)C)SCCNS(=O)(=O)c1ccccc1
2-Isopropyltoluene,-3.585,1,134.22199999999995,0,1,1,0.0,-3.76,CC(C)c1ccccc1C
m-Chloroaniline,-2.392,1,127.574,1,1,0,26.02,-1.37,Nc1cccc(Cl)c1
Fluometuron,-3.065,1,232.205,1,1,1,32.34,-3.43,CN(C)C(=O)Nc1cccc(c1)C(F)(F)F
3-Methylphenol,-2.313,1,108.14,1,1,0,20.23,-0.68,Cc1cccc(O)c1
"1,4-Dinitrobenzene",-2.281,1,168.10799999999998,0,1,2,86.28,-3.39,O=N(=O)c1ccc(cc1)N(=O)=O
Fenuron,-1.847,1,164.208,1,1,1,32.34,-1.6,CN(C)C(=O)Nc1ccccc1
Benzylchloride,-2.887,1,126.58599999999996,0,1,1,0.0,-2.39,ClCc1ccccc1
Chlorbromuron,-3.938,1,293.548,1,1,2,41.57,-3.924,CON(C)C(=O)Nc1ccc(Br)c(Cl)c1
p-Fluoroacetanilide,-2.181,1,153.156,1,1,1,29.1,-1.78,CC(=O)Nc1ccc(F)cc1
alachlor,-3.319,1,269.77199999999993,0,1,6,29.54,-3.26,CCc1cccc(CC)c1N(COC)C(=O)CCl 
p-Chloronitrobenzene,-2.901,1,157.55599999999995,0,1,1,43.14,-2.92,Clc1ccc(cc1)N(=O)=O
o-Chloronitrobenzene,-2.775,1,157.55599999999995,0,1,1,43.14,-2.55,Clc1ccccc1N(=O)=O
Neburon,-4.157,1,275.17900000000003,1,1,4,32.34,-4.77,CCCCN(C)C(=O)Nc1ccc(Cl)c(Cl)c1
Nitrobenzene,-2.2880000000000003,1,123.11099999999996,0,1,1,43.14,-1.8,O=N(=O)c1ccccc1
Iodobenzene,-3.8,1,204.01,0,1,0,0.0,-3.01,Ic1ccccc1
Methocarbamol,-1.4280000000000002,1,241.24299999999997,2,1,6,91.01,-0.985,COc1ccccc1OCC(O)COC(N)=O
butachlor,-4.347,1,311.85300000000007,0,1,9,29.54,-4.19,CCCCOCN(C(=O)CCl)c1c(CC)cccc1CC 
"2,3-Dichlorophenol",-3.144,1,163.003,1,1,0,20.23,-1.3,Oc1cccc(Cl)c1Cl
Propanil,-3.644,1,218.083,1,1,2,29.1,-3.0,CCC(=O)Nc1ccc(Cl)c(Cl)c1
p-Methylaniline ,-1.954,1,107.156,1,1,0,26.02,-1.21,Cc1ccc(N)cc1
Metolcarb,-1.947,1,151.165,1,1,1,38.33,-1.803,c1ccccc1(OC(=O)NC)
"1,2,3-Trimethylbenzene ",-3.312,1,120.195,0,1,0,0.0,-3.2,Cc1cccc(C)c1C
Aminocarb,-2.677,1,208.261,1,1,2,41.57,-2.36,CNC(=O)Oc1ccc(N(C)C)c(C)c1
bromoxynil,-3.793,1,276.915,1,1,0,44.02,-3.33,Oc1c(Br)cc(C#N)cc1Br 
Pentachlorophenol,-4.835,1,266.338,1,1,0,20.23,-4.28,Oc1c(Cl)c(Cl)c(Cl)c(Cl)c1Cl
benzylurea,-1.509,1,150.18099999999995,2,1,2,55.12000000000001,-0.95,NC(=O)NCc1ccccc1 
Chlortoluron,-3.048,1,212.68,1,1,1,32.34,-3.483,CN(C)C(=O)Nc1ccc(C)c(Cl)c1
Linuron,-3.5810000000000004,1,249.097,1,1,2,41.57,-3.592,CON(C)C(=O)Nc1ccc(Cl)c(Cl)c1
Thiamphenicol,-1.936,1,356.22700000000015,3,1,6,103.70000000000002,-2.154,CS(=O)(=O)c1ccc(cc1)C(O)C(CO)NC(=O)C(Cl)Cl 
p-Nitrophenol,-2.318,1,139.11,1,1,1,63.37,-0.74,Oc1ccc(cc1)N(=O)=O
o-Nitroaniline,-2.277,1,138.126,1,1,1,69.16,-1.96,Nc1ccccc1N(=O)=O
"2,6-Dinitrotoluene",-2.553,1,182.135,0,1,2,86.28,-3.0,Cc1c(cccc1N(=O)=O)N(=O)=O
"1,2,4-tribromobenzene",-5.144,1,314.802,0,1,0,0.0,-4.5,c1(Br)c(Br)cc(Br)cc1
Carvacrol,-3.224,1,150.22099999999998,1,1,1,20.23,-2.08,c1(O)c(C)ccc(C(C)C)c1
chlordimeform,-3.164,1,196.681,0,1,2,15.6,-2.86,CN(C)C=Nc1ccc(Cl)cc1C
p-Nitroaniline,-1.936,1,138.126,1,1,1,69.16,-2.37,Nc1ccc(cc1)N(=O)=O
Chlorobenzene,-2.975,1,112.55899999999995,0,1,0,0.0,-2.38,Clc1ccccc1
p-Bromoiodobenzene,-4.754,1,282.90599999999995,0,1,0,0.0,-4.56,Brc1ccc(I)cc1
Pentylbenzene,-3.899,1,148.249,0,1,4,0.0,-4.64,CCCCCc1ccccc1
"3,4-Dichlorophenol",-3.352,1,163.003,1,1,0,20.23,-1.25,Oc1ccc(Cl)c(Cl)c1
"N,N-Diethylaniline",-3.16,1,149.237,0,1,3,3.24,-3.03,CCN(CC)c1ccccc1
"1,3-Difluorobenzene",-2.636,1,114.094,0,1,0,0.0,-2.0,Fc1cccc(F)c1
t-Pentylbenzene,-3.867,1,148.249,0,1,1,0.0,-4.15,CC(C)(C)Cc1ccccc1
o-Chloroiodobenzene,-4.384,1,238.455,0,1,0,0.0,-3.54,Clc1ccccc1I
"2,6-Dimethylphenol",-2.589,1,122.167,1,1,0,20.23,-1.29,Cc1cccc(C)c1O
Dicapthon,-4.188,1,297.656,0,1,5,70.83000000000001,-4.31,COP(=S)(OC)Oc1ccc(cc1Cl)N(=O)=O
Metolachlor,-3.431,1,283.79899999999986,0,1,6,29.54,-2.73,CCc1cccc(C)c1N(C(C)COC)C(=O)CCl 
Phenylmethanol,-1.699,1,108.13999999999996,1,1,1,20.23,-0.4,OCc1ccccc1
4-Bromophenol,-3.132,1,173.009,1,1,0,20.23,-1.09,Oc1ccc(Br)cc1
"1,3,5-Trinitrobenzene",-2.324,1,213.105,0,1,3,129.42000000000002,-2.89,O=N(=O)c1cc(cc(c1)N(=O)=O)N(=O)=O
"1,4-Dibromobenzene",-4.298,1,235.906,0,1,0,0.0,-4.07,Brc1ccc(Br)cc1
"1,4-Dichlorobenzene",-3.5580000000000003,1,147.00400000000005,0,1,0,0.0,-3.27,Clc1ccc(Cl)cc1
"1,3,5-Trichlorobenzene",-4.159,1,181.449,0,1,0,0.0,-4.48,Clc1cc(Cl)cc(Cl)c1
Benzaldehyde,-1.999,1,106.12399999999997,0,1,1,17.07,-1.19,O=Cc1ccccc1
sulfaguanidine,-0.706,1,214.25,4,1,2,122.06,-1.99,NC(=N)NS(=O)(=O)c1ccc(N)cc1 
Methylparaben,-2.441,1,152.149,1,1,1,46.53,-1.827,COC(=O)c1ccc(O)cc1
"2,4-Dimethylphenol",-2.6210000000000004,1,122.167,1,1,0,20.23,-1.19,Cc1ccc(O)c(C)c1
m-Chloronitrobenzene ,-2.901,1,157.55599999999995,0,1,1,43.14,-2.77,Clc1cccc(c1)N(=O)=O
Benzyltrifluoride,-3.099,1,146.111,0,1,0,0.0,-2.51,FC(F)(F)c1ccccc1
Dihexyl phthalate,-5.757999999999999,1,334.45600000000024,0,1,12,52.60000000000001,-6.144,CCCCCCOC(=O)c1ccccc1C(=O)OCCCCCC
Dimethyl phthalate,-2.347,1,194.18599999999995,0,1,2,52.60000000000001,-1.66,COC(=O)c1ccccc1C(=O)OC
"1,2,4,5-Tetrachlorobenzene",-4.621,1,215.894,0,1,0,0.0,-5.56,Clc1cc(Cl)c(Cl)cc1Cl
o-Chloroaniline,-2.392,1,127.574,1,1,0,26.02,-1.52,Nc1ccccc1Cl
3-Chloroanisole,-3.057,1,142.58499999999995,0,1,1,9.23,-2.78,COc1cccc(Cl)c1
p-Hydroxybenzaldehyde ,-2.003,1,122.12299999999998,1,1,1,37.3,-0.96,Oc1ccc(C=O)cc1
o-Fluorobromobenzene,-3.467,1,175.0,0,1,0,0.0,-2.7,Fc1ccccc1Br
"2,4-Dichlorophenol ",-3.22,1,163.003,1,1,0,20.23,-1.55,Oc1ccc(Cl)cc1Cl
o-Toluidine,-1.922,1,107.156,1,1,0,26.02,-2.21,Cc1ccccc1N
Estragole,-3.074,1,148.205,0,1,3,9.23,-2.92,c1(OC)ccc(CC=C)cc1
karbutilate,-2.655,1,279.34,2,1,2,70.67,-2.93,CN(C)C(=O)Nc1cccc(OC(=O)NC(C)(C)C)c1 
"1,2-Dichlorobenzene",-3.482,1,147.00399999999996,0,1,0,0.0,-3.05,Clc1ccccc1Cl
m-Nitroaniline,-1.936,1,138.126,1,1,1,69.16,-2.19,Nc1cccc(c1)N(=O)=O
"2,3,5-Trichlorophenol",-3.78,1,197.448,1,1,0,20.23,-2.67,Oc1cc(Cl)cc(Cl)c1Cl
Aniline ,-1.632,1,93.129,1,1,0,26.02,-0.41,Nc1ccccc1
"1,3,5-Tribromobenzene",-5.27,1,314.802,0,1,0,0.0,-5.6,Brc1cc(Br)cc(Br)c1
Ronnel,-5.247000000000001,1,321.54900000000004,0,1,4,27.69,-5.72,COP(=S)(OC)Oc1cc(Cl)c(Cl)cc1Cl
Eugenol,-2.675,1,164.204,1,1,3,29.46,-1.56,COc1cc(CC=C)ccc1O
Quintozene,-5.098,1,295.336,0,1,1,43.14,-5.82,Clc1c(Cl)c(Cl)c(N(=O)=O)c(Cl)c1Cl
methyl gallate,-1.913,1,184.14700000000002,3,1,1,86.99000000000002,-1.24,COC(=O)c1cc(O)c(O)c(O)c1 
m-Fluorobromobenzene,-3.467,1,175.0,0,1,0,0.0,-2.67,Fc1cccc(Br)c1
p-Chlorobromobenzene,-3.928,1,191.455,0,1,0,0.0,-3.63,Clc1ccc(Br)cc1
o-Nitroanisole,-2.346,1,153.13699999999997,0,1,2,52.37,-1.96,COc1ccccc1N(=O)=O
Dinoseb,-3.715,1,240.21499999999997,1,1,4,106.51000000000002,-3.38,CCC(C)c1cc(cc(N(=O)=O)c1O)N(=O)=O 
Guaiacol,-1.941,1,124.13899999999997,1,1,1,29.46,-1.96,COc1ccccc1O 
"2,3,4-Trichlorophenol",-3.705,1,197.44799999999998,1,1,0,20.23,-2.67,Oc1ccc(Cl)c(Cl)c1Cl
Anisole,-2.3680000000000003,1,108.13999999999996,0,1,1,9.23,-1.85,COc1ccccc1
4-Ethyltoluene,-3.3280000000000003,1,120.19499999999996,0,1,1,0.0,-3.11,CCc1ccc(C)cc1
"1,3-Dinitrobenzene",-2.281,1,168.10799999999998,0,1,2,86.28,-2.29,O=N(=O)c1cccc(c1)N(=O)=O
p-Chloroaniline,-2.392,1,127.574,1,1,0,26.02,-1.66,Nc1ccc(Cl)cc1
t-Butylbenzene ,-3.554,1,134.22199999999998,0,1,0,0.0,-3.66,CC(C)(C)c1ccccc1
Bromobenzene,-3.345,1,157.01,0,1,0,0.0,-2.55,Brc1ccccc1
Ethyl-p-hydroxybenzoate ,-2.761,1,166.176,1,1,2,46.53,-2.35,CCOC(=O)c1ccc(O)cc1
Methyl benzoate ,-2.462,1,136.14999999999998,0,1,1,26.3,-1.85,COC(=O)c1ccccc1
Diuron,-3.301,1,233.098,1,1,1,32.34,-3.8,CN(C)C(=O)Nc1ccc(Cl)c(Cl)c1
2-Chlorophenol,-2.553,1,128.558,1,1,0,20.23,-1.06,Oc1ccccc1Cl
Phenetole,-2.66,1,122.16699999999996,0,1,2,9.23,-2.33,CCOc1ccccc1
ethyl cinnamate,-3.0980000000000003,1,176.215,0,1,3,26.3,-3.0,CCOC(=O)C=Cc1ccccc1
p-Toluenesulfonamide ,-1.815,1,171.22099999999998,1,1,1,60.16,-1.74,Cc1ccc(cc1)S(=O)(=O)N
Chlorbufam,-3.629,1,223.65900000000002,1,1,2,38.33,-2.617,CC(OC(=O)Nc1cccc(Cl)c1)C#C
fensulfothion,-3.283,1,308.3610000000001,0,1,7,44.76000000000001,-2.3,CCOP(=S)(OCC)Oc1ccc(cc1)S(C)=O 
"1,2,4-Trimethylbenzene",-3.343,1,120.195,0,1,0,0.0,-3.31,Cc1ccc(C)c(C)c1
"2,4,5-Trichlorophenol ",-3.78,1,197.44799999999998,1,1,0,20.23,-2.21,Oc1cc(Cl)c(Cl)cc1Cl
Phenylhydrazine,-1.866,1,108.14399999999998,2,1,1,38.05,0.07,NNc1ccccc1
"2,3,6-Trichlorophenol",-3.572,1,197.448,1,1,0,20.23,-2.64,Oc1c(Cl)ccc(Cl)c1Cl
"1,3-Dibromobenzene",-4.298,1,235.906,0,1,0,0.0,-3.54,Brc1cccc(Br)c1
Acetanilide,-1.857,1,135.16599999999997,1,1,1,29.1,-1.33,CC(=O)Nc1ccccc1
Acetophenone,-2.0780000000000003,1,120.15099999999997,0,1,1,17.07,-1.28,CC(=O)c1ccccc1
Risocaine,-2.709,1,179.21899999999997,1,1,3,52.32,-2.452,CCCOC(=O)c1ccc(N)cc1
Ethyl benzoate ,-2.775,1,150.17700000000002,0,1,2,26.3,-2.32,CCOC(=O)c1ccccc1
Monolinuron,-2.948,1,214.65200000000002,1,1,2,41.57,-2.57,CON(C)C(=O)Nc1ccc(Cl)cc1
4-Bromotoluene,-3.667,1,171.03700000000003,0,1,0,0.0,-3.19,Cc1ccc(Br)cc1
Benfluralin,-5.205,1,335.2820000000001,0,1,7,89.51999999999998,-5.53,CCCCN(CC)c1c(cc(cc1N(=O)=O)C(F)(F)F)N(=O)=O
"2,4,6-Trimethylphenol",-2.9410000000000003,1,136.194,1,1,0,20.23,-2.05,Cc1cc(C)c(O)c(C)c1
Benzene ,-2.418,2,78.11399999999998,0,1,0,0.0,-1.64,c1ccccc1
p-Chloroiodobenzene,-4.384,1,238.455,0,1,0,0.0,-4.03,Clc1ccc(I)cc1
Metoxuron,-2.6830000000000003,1,228.679,1,1,2,41.57,-2.564,COc1ccc(NC(=O)N(C)C)cc1Cl
propachlor,-3.018,1,211.69200000000004,0,1,3,20.31,-2.48,CC(C)N(C(=O)CCl)c1ccccc1 
Styrene,-2.85,1,104.15199999999996,0,1,1,0.0,-2.82,C=Cc1ccccc1
o-Xylene ,-3.004,1,106.168,0,1,0,0.0,-2.8,Cc1ccccc1C
"1,4-Benzenediol",-1.59,1,110.11199999999998,2,1,0,40.46,-0.17,Oc1ccc(O)cc1
4-hexylresorcinol,-3.4930000000000003,1,194.27399999999992,2,1,5,40.46,-2.59,c1(O)cc(O)ccc1CCCCCC
"2,3,4,6-Tetrachlorophenol",-4.203,1,231.893,1,1,0,20.23,-3.1,Oc1c(Cl)cc(Cl)c(Cl)c1Cl
"1,3-Dichlorobenzene",-3.5580000000000003,1,147.004,0,1,0,0.0,-3.04,Clc1cccc(Cl)c1
thioanisole,-2.87,1,124.208,0,1,1,0.0,-2.39,c1ccccc1SC
Di(2-ethylhexyl)-phthalate,-7.117000000000001,1,390.5640000000003,0,1,14,52.60000000000001,-6.96,CCCCC(CC)COC(=O)c1ccccc1C(=O)OCC(CC)CCCC
"3,5-Dimethylphenol",-2.652,1,122.16699999999996,1,1,0,20.23,-1.4,Cc1cc(C)cc(O)c1
Barban,-4.16,1,258.10400000000004,1,1,2,38.33,-4.37,ClCC#CCOC(=O)Nc1cccc(Cl)c1
p-Chloroacetanilide,-2.642,1,169.611,1,1,1,29.1,-2.843,CC(=O)Nc1ccc(Cl)cc1
N-Methylaniline ,-2.097,1,107.15599999999998,1,1,1,12.03,-1.28,CNc1ccccc1
DNOC,-2.818,1,198.13400000000001,1,1,2,106.51000000000002,-1.456,Cc1cc(cc(N(=O)=O)c1O)N(=O)=O
3-Chlorophenol,-2.761,1,128.558,1,1,0,20.23,-0.7,Oc1cccc(Cl)c1
m-Chlorobromobenzene,-3.928,1,191.455,0,1,0,0.0,-3.21,Clc1cccc(Br)c1
2-Phenoxyethanol,-1.761,1,138.16599999999997,1,1,3,29.46,-0.7,OCCOc1ccccc1
Ethylbenzene,-2.988,1,106.16799999999996,0,1,1,0.0,-2.77,CCc1ccccc1
Buturon,-3.199,1,236.702,1,1,2,32.34,-3.9,CC(C#C)N(C)C(=O)Nc1ccc(Cl)cc1
p-Methoxybenzaldehyde,-2.252,1,136.14999999999998,0,1,2,26.3,-1.49,COc1ccc(C=O)cc1
4-Nitroacetanilide,-2.219,1,180.163,1,1,2,72.24000000000002,-2.692,CC(=O)Nc1ccc(cc1)N(=O)=O
p-Hydroxyacetanilide,-1.495,1,151.165,2,1,1,49.33,-1.03,CC(=O)Nc1ccc(O)cc1
stadacaine,-5.127999999999999,1,293.4070000000001,0,1,9,38.77,-3.84,CCCCOc1ccc(C(=O)OCC)c(c1)N(CC)CC 
Hexamethylbenzene,-4.3610000000000015,1,162.27599999999995,0,1,0,0.0,-5.23,Cc1c(C)c(C)c(C)c(C)c1C
Thymol,-3.129,1,150.22099999999998,1,1,1,20.23,-2.22,CC(C)c1ccc(C)cc1O
Parathion,-3.949,1,291.2650000000001,0,1,7,70.83000000000001,-4.66,CCOP(=S)(OCC)Oc1ccc(cc1)N(=O)=O
Chloropham,-3.544,1,213.664,1,1,2,38.33,-3.38,CC(C)OC(=O)Nc1cccc(Cl)c1
1-Phenylethanol,-1.919,1,122.16699999999996,1,1,1,20.23,-0.92,CC(O)c1ccccc1
diisooctyl phthalate,-7.117000000000001,1,390.56400000000014,0,1,14,52.60000000000001,-6.6370000000000005,c1(C(=O)OCCCCCC(C)(C))c(C(=O)OCCCCCC(C)(C))cccc1
"1,3,5-Trimethylbenzene ",-3.375,1,120.19499999999998,0,1,0,0.0,-3.4,Cc1cc(C)cc(C)c1
dioctyl phthalate,-7.148,1,390.56400000000036,0,1,16,52.60000000000001,-5.115,CCCCCCCCOC(=O)c1ccccc1C(=O)OCCCCCCCC 
"1,2-Dinitrobenzene",-2.281,1,168.10799999999998,0,1,2,86.28,-3.1,O=N(=O)c1ccccc1N(=O)=O
"1,4-Difluorobenzene",-2.636,1,114.094,0,1,0,0.0,-1.97,Fc1ccc(F)cc1
Trifluralin,-5.205,1,335.2820000000001,0,1,7,89.51999999999998,-5.68,CCCN(CCC)c1c(cc(cc1N(=O)=O)C(F)(F)F)N(=O)=O
Carbetamide,-2.29,1,236.271,2,1,4,67.42999999999999,-1.83,c1c(NC(=O)OC(C)C(=O)NCC)cccc1
p-Nitrotoluene,-2.64,1,137.138,0,1,1,43.14,-2.49,Cc1ccc(cc1)N(=O)=O
p-Cresol,-2.313,1,108.14,1,1,0,20.23,-0.73,Cc1ccc(O)cc1
"N,N-Dimethylaniline",-2.542,1,121.18299999999996,0,1,1,3.24,-1.92,CN(C)c1ccccc1
Isoprocarb,-2.734,1,193.246,1,1,2,38.33,-2.863,CNC(=O)Oc1ccccc1C(C)C
2-Chloroanisole,-2.912,1,142.58499999999995,0,1,1,9.23,-2.46,COc1ccccc1Cl
Bromophos,-5.604,1,366.0,0,1,4,27.69,-6.09,COP(=S)(OC)Oc1cc(Cl)c(Br)cc1Cl
4-Isopropyltoluene,-3.617,1,134.22199999999998,0,1,1,0.0,-3.77,CC(C)c1ccc(C)cc1
"2,6-Dichlorophenol",-3.012,1,163.003,1,1,0,20.23,-1.79,Oc1c(Cl)cccc1Cl
Chloramphenicol,-2.613,1,323.13200000000006,3,1,6,112.70000000000002,-2.111,OCC(NC(=O)C(Cl)Cl)C(O)c1ccc(cc1)N(=O)=O
"1,2-Dibromobenzene",-4.172,1,235.906,0,1,0,0.0,-3.5,Brc1ccccc1Br
"2,4,6-Trichlorophenol",-3.648,1,197.448,1,1,0,20.23,-2.34,Oc1c(Cl)cc(Cl)cc1Cl
oryzalin,-3.784,1,346.3650000000002,1,1,8,149.67999999999995,-5.16,CCCN(CCC)c1c(cc(cc1N(=O)=O)S(N)(=O)=O)N(=O)=O
"3,4-Dimethylphenol",-2.6210000000000004,1,122.167,1,1,0,20.23,-1.38,Cc1ccc(O)cc1C
Thiophenol ,-2.758,1,110.18099999999995,1,1,0,0.0,-2.12,Sc1ccccc1
XMC,-2.688,1,179.21900000000002,1,1,1,38.33,-2.5810000000000004,CNC(=O)Oc1cc(C)cc(C)c1
Benzamide,-1.501,1,121.13899999999997,1,1,1,43.09,-0.96,NC(=O)c1ccccc1
o-Chlorobromobenzene,-3.84,1,191.455,0,1,0,0.0,-3.19,Clc1ccccc1Br
"3,5-Dichlorophenol",-3.428,1,163.003,1,1,0,20.23,-1.34,Oc1cc(Cl)cc(Cl)c1
Toluene ,-2.713,1,92.141,0,1,0,0.0,-2.21,Cc1ccccc1
"2,3,4,5-Tetrachlorophenol",-4.335,1,231.893,1,1,0,20.23,-3.15,Oc1cc(Cl)c(Cl)c(Cl)c1Cl
o-Methoxyphenol,-1.941,1,124.13899999999997,1,1,1,29.46,-1.96,COc1ccccc1O
Diethyl phthalate ,-3.016,1,222.23999999999995,0,1,4,52.60000000000001,-2.35,CCOC(=O)c1ccccc1C(=O)OCC
Isobutylbenzene,-3.57,1,134.22199999999998,0,1,2,0.0,-4.12,CC(C)Cc1ccccc1
"2,3,5,6-Tetrachlorophenol",-4.203,1,231.893,1,1,0,20.23,-3.37,Oc1c(Cl)c(Cl)cc(Cl)c1Cl
Propylbenzene ,-3.281,1,120.19499999999996,0,1,2,0.0,-3.37,CCCc1ccccc1
"1,2,4,5-Tetramethylbenzene",-3.664,1,134.22199999999998,0,1,0,0.0,-4.59,Cc1cc(C)c(C)cc1C
Mefluidide,-3.165,1,310.297,2,1,3,75.27000000000002,-3.24,CC(=O)Nc1cc(NS(=O)(=O)C(F)(F)F)c(C)cc1C
butacarb,-4.642,1,263.381,1,1,1,38.33,-4.24,c1(C(C)(C)C)cc(C(C)(C)C)cc(OC(=O)NC)c1
Butylbenzene,-3.585,1,134.22199999999998,0,1,3,0.0,-4.06,CCCCc1ccccc1
Phthalonitrile,-1.717,1,128.13399999999996,0,1,0,47.58,-2.38,N#Cc1ccccc1C#N
m-Nitrotoluene,-2.64,1,137.138,0,1,1,43.14,-2.44,Cc1cccc(c1)N(=O)=O
Stirofos,-4.32,1,365.96400000000006,0,1,5,44.76000000000001,-4.522,COP(=O)(OC)OC(=CCl)c1cc(Cl)c(Cl)cc1Cl
Butethal,-1.974,1,212.24900000000002,2,1,4,75.27000000000002,-1.661,CCCCC1(CC)C(=O)NC(=O)NC1=O
Amobarbital,-2.312,1,226.276,2,1,4,75.27000000000002,-2.468,CCC1(CCC(C)C)C(=O)NC(=O)NC1=O
Butabarbital,-1.958,1,212.249,2,1,3,75.27000000000002,-2.39,O=C1NC(=O)NC(=O)C1(CC)C(C)CC
5-Allyl-5-methylbarbital,-1.013,1,182.179,2,1,2,75.27000000000002,-1.16,O=C1NC(=O)NC(=O)C1(C)CC=C
Talbutal,-2.06,1,224.26,2,1,4,75.27000000000002,-2.016,CCC(C)C1(CC=C)C(=O)NC(=O)NC1=O
"5,5-Diisopropylbarbital",-1.942,1,212.24900000000002,2,1,2,75.27000000000002,-2.766,O=C1NC(=O)NC(=O)C1(C(C)C)C(C)C
Barbital,-1.265,1,184.195,2,1,2,75.27000000000002,-2.4,O=C1NC(=O)NC(=O)C1(CC)CC
metharbital,-1.658,1,198.222,1,1,2,66.48,-2.23,CCC1(CC)C(=O)NC(=O)N(C)C1=O 
Secobarbital,-2.415,1,238.28699999999995,2,1,5,75.27000000000002,-2.356,O=C1NC(=O)NC(=O)C1(C(C)CCC)CC=C
Pentobarbital,-2.312,1,226.27599999999995,2,1,4,75.27000000000002,-2.39,O=C1NC(=O)NC(=O)C1(CC)C(C)CCC
5-Allyl-5-isopropylbarbital,-1.706,1,210.233,2,1,3,75.27000000000002,-1.7080000000000002,O=C1NC(=O)NC(=O)C1(C(C)C)CC=C
5-Allyl-5-ethylbarbital,-1.368,1,196.206,2,1,3,75.27000000000002,-1.614,O=C1NC(=O)NC(=O)C1(CC)CC=C
probarbital,-1.6030000000000002,1,198.222,2,1,2,75.27000000000002,-2.21,CCC1(C(C)C)C(=O)NC(=O)NC1=O 
"5,5-Diallylbarbital",-1.471,1,208.217,2,1,4,75.27000000000002,-2.077,O=C1NC(=O)NC(=O)C1(CC=C)CC=C
5-Ethyl-5-(3-methylbutyl)barbital,-2.312,1,226.27599999999995,2,1,4,75.27000000000002,-2.658,O=C1NC(=O)NC(=O)C1(CC)CCC(C)C
5-Ethyl-5-isopropylbarbituric acid,-1.6030000000000002,1,198.222,2,1,2,75.27000000000002,-2.148,O=C1NC(=O)NC(=O)C1(CC)C(C)C
5-Methyl-5-ethylbarbituric acid,-0.911,1,170.16799999999995,2,1,1,75.27000000000002,-1.228,O=C1NC(=O)NC(=O)C1(C)CC
5-(3-Methyl-2-butenyl)-5-ethylbarbital,-2.126,1,224.26,2,1,3,75.27000000000002,-2.253,O=C1NC(=O)NC(=O)C1(CC)CC=C(C)C
butallylonal,-2.766,1,303.156,2,1,4,75.27000000000002,-2.647,CCC(C)C1(CC(Br)=C)C(=O)NC(=O)NC1=O 
"5,5-Dimethylbarbituric acid",-0.556,1,156.141,2,1,0,75.27000000000002,-1.742,O=C1NC(=O)NC(=O)C1(C)C
5-(3-Methyl-2-butenyl)-5-isoPrbarbital,-2.465,1,238.287,2,1,3,75.27000000000002,-2.593,O=C1NC(=O)NC(=O)C1(C(C)C)CC=C(C)C
Cycloheptyl-5-spirobarbituric acid,-1.844,1,210.233,2,2,0,75.27,-3.168,O=C2NC(=O)C1(CCCCCC1)C(=O)N2 
phenanthridine,-3.713,2,179.22199999999995,0,3,0,12.89,-2.78,c1ccc2c(c1)cnc3ccccc23 
isocarbamid,-1.508,1,185.227,2,1,2,61.44000000000001,-2.15,C1N(C(=O)NCC(C)C)C(=O)NC1
Azobenzene,-4.034,2,182.226,0,2,2,24.72,-4.45,N(=Nc1ccccc1)c2ccccc2
Metribuzin,-2.324,1,214.294,1,1,1,73.8,-2.253,CSc1nnc(c(=O)n1N)C(C)(C)C
Trimazosin,-3.958,1,435.4810000000003,2,3,6,132.5,-3.638,COc2cc1c(N)nc(nc1c(OC)c2OC)N3CCN(CC3)C(=O)OCC(C)(C)O 
1-Methylfluorene,-4.478,1,180.25000000000003,0,3,0,0.0,-5.22,Cc1cccc2c1Cc3ccccc32
Fluorene ,-4.125,2,166.22299999999996,0,3,0,0.0,-5.0,C1c2ccccc2c3ccccc13
indoline,-2.195,2,119.167,1,2,0,12.03,-1.04,c2ccc1NCCc1c2 
Methaqualone,-3.881,1,250.301,0,3,1,34.89,-2.925,Cc1ccccc1n3c(C)nc2ccccc2c3=O
Methyldymron,-3.863,1,268.36,1,2,3,32.34,-3.35,CN(C(=O)NC(C)(C)c1ccccc1)c2ccccc2
Acenapthylene,-3.682,2,152.19599999999994,0,3,0,0.0,-3.96,C1=Cc2cccc3cccc1c23
5-methylcytosine,-0.257,1,125.131,2,1,0,71.77000000000002,-1.4580000000000002,Nc1c(C)c[nH]c(=O)n1 
cytosine,0.051,1,111.104,2,1,0,71.77000000000002,-1.155,Nc1cc[nH]c(=O)n1 
Flucytosine,-0.132,1,129.09399999999997,2,1,0,71.77,-0.972,Nc1nc(=O)[nH]cc1F
Triamcinolone,-2.734,1,394.43900000000014,4,4,2,115.06000000000002,-3.68,CC34CC(O)C1(F)C(CCC2=CC(=O)C=CC12C)C3CC(O)C4(O)C(=O)CO
triamcinolone diacetate,-3.876,1,478.5130000000002,2,4,4,127.20000000000002,-4.13,CC(=O)OCC(=O)C3(O)C(CC4C2CCC1=CC(=O)C=CC1(C)C2(F)C(O)CC34C)OC(C)=O 
Prednisolone,-2.974,1,360.45000000000016,3,4,2,94.83,-3.18,CC12CC(O)C3C(CCC4=CC(=O)C=CC34C)C2CCC1(O)C(=O)CO
Dexamethasone,-3.4,1,392.46700000000016,3,4,2,94.83,-3.59,CC1CC2C3CCC4=CC(=O)C=CC4(C)C3(F)C(O)CC2(C)C1(O)C(=O)CO
prednisolone acetate,-3.507,1,402.48700000000014,2,4,3,100.90000000000002,-4.37,CC(=O)OCC(=O)C3(O)CCC4C2CCC1=CC(=O)C=CC1(C)C2C(O)CC34C 
Betamethasone-17-valerate,-5.062,1,476.58500000000015,2,4,6,100.90000000000002,-4.71,CCCCC(=O)OC3(C(C)CC4C2CCC1=CC(=O)C=CC1(C)C2(F)C(O)CC34C)C(=O)CO
Flumethasone,-3.539,1,410.45700000000016,3,4,2,94.83,-5.613,CC1CC2C3CC(F)C4=CC(=O)C=CC4(C)C3(F)C(O)CC2(C)C1(O)C(=O)CO
dexamethasone acetate,-3.933,1,434.5040000000003,2,4,3,100.9,-4.9,CC4CC3C2CCC1=CC(=O)C=CC1(C)C2(F)C(O)CC3(C)C4(O)C(=O)COC(C)=O 
Fluoromethalone,-3.507,1,376.4680000000001,2,4,1,74.6,-4.099,CC1CC2C3CCC(O)(C(=O)C)C3(C)CC(O)C2(F)C4(C)C=CC(=O)C=C14
Griseofulvin,-3.3280000000000003,1,352.77000000000015,0,3,3,71.06,-3.2460000000000004,COC1=CC(=O)CC(C)C13Oc2c(Cl)c(OC)cc(OC)c2C3=O
2-aminoanthracene,-3.789,1,193.24900000000002,1,3,0,26.02,-5.17,Nc3ccc2cc1ccccc1cc2c3 
"9,10-Dimethylanthracene",-5.228,1,206.288,0,3,0,0.0,-6.57,Cc1c2ccccc2c(C)c3ccccc13
9-anthrol,-4.148,1,194.233,1,3,0,20.23,-4.73,c3ccc2c(O)c1ccccc1cc2c3 
2-Methylanthracene,-4.87,1,192.261,0,3,0,0.0,-6.96,Cc1ccc2cc3ccccc3cc2c1
9-Methylanthracene,-4.87,1,192.261,0,3,0,0.0,-5.89,Cc1c2ccccc2cc3ccccc13
Anthracene,-4.518,2,178.23399999999995,0,3,0,0.0,-6.35,c1ccc2cc3ccccc3cc2c1
Chrysene,-5.568,2,228.294,0,4,0,0.0,-8.057,c1ccc2c(c1)ccc3c4ccccc4ccc23
6-Methylchrysene,-5.931,1,242.321,0,4,0,0.0,-6.57,Cc1cc2c3ccccc3ccc2c4ccccc14
6-aminochrysene,-4.849,1,243.30900000000003,1,4,0,26.02,-6.2,Nc3cc2c1ccccc1ccc2c4ccccc34 
5-Methylchrysene,-5.931,1,242.321,0,4,0,0.0,-6.59,c1cccc2c3c(C)cc4ccccc4c3ccc12
"5,6-Dimethylchrysene",-6.265,1,256.348,0,4,0,0.0,-7.01,Cc1c(C)c2c3ccccc3ccc2c4ccccc14
RTI 19,-4.007,1,252.31699999999995,0,3,1,23.55,-4.749,CCN2c1ccccc1N(C)C(=O)c3ccccc23 
2-Chloronapthalene,-4.063,1,162.61899999999997,0,2,0,0.0,-4.14,Clc1ccc2ccccc2c1
"1,4-Dimethylnaphthalene ",-4.147,1,156.22799999999998,0,2,0,0.0,-4.14,Cc1ccc(C)c2ccccc12
"1,3-Dimethylnaphthalene",-4.147,1,156.22799999999995,0,2,0,0.0,-4.29,Cc1cc(C)c2ccccc2c1
1-Ethylnaphthalene ,-4.1,1,156.22799999999995,0,2,1,0.0,-4.17,CCc1cccc2ccccc12
1-Bromonapthalene,-4.434,1,207.07,0,2,0,0.0,-4.35,Brc1cccc2ccccc12
1-Napthylamine,-2.721,1,143.189,1,2,0,26.02,-1.92,Nc1cccc2ccccc12
2-Napthol,-3.08,1,144.17299999999997,1,2,0,20.23,-2.28,Oc1ccc2ccccc2c1
2-bromonaphthalene,-4.434,1,207.07,0,2,0,0.0,-4.4,c1c(Br)ccc2ccccc12 
Napthalene,-3.468,2,128.17399999999995,0,2,0,0.0,-3.6,c1ccc2ccccc2c1
1-Iodonapthalene,-4.8889999999999985,1,254.07,0,2,0,0.0,-4.55,Ic1cccc2ccccc12
2-Methylnapthalene,-3.802,1,142.201,0,2,0,0.0,-3.77,Cc1ccc2ccccc2c1
1-Chloronapthalene,-4.063,1,162.61899999999997,0,2,0,0.0,-3.93,Clc1cccc2ccccc12
2-Bromonapthalene,-4.434,1,207.07,0,2,0,0.0,-4.4,Brc1ccc2ccccc2c1
2-Ethylnaphthalene,-4.1,1,156.22799999999995,0,2,1,0.0,-4.29,CCc1ccc2ccccc2c1
1-Methylnaphthalene,-3.802,1,142.201,0,2,0,0.0,-3.7,Cc1cccc2ccccc12
Napropamide,-4.088,1,271.36,0,2,5,29.540000000000006,-3.57,CCN(CC)C(=O)C(C)Oc1cccc2ccccc12 
"2,6-Dimethylnaphthalene ",-4.147,1,156.22799999999998,0,2,0,0.0,-4.89,Cc1ccc2cc(C)ccc2c1
"1,5-Dimethlnapthalene",-4.147,1,156.22799999999998,0,2,0,0.0,-4.6789999999999985,Cc1cccc2c(C)cccc12
1-Napthol,-3.08,1,144.17299999999997,1,2,0,20.23,-2.22,Oc1cccc2ccccc12
"2,3-Dimethylnaphthalene",-4.1160000000000005,1,156.22799999999995,0,2,0,0.0,-4.72,Cc1cc2ccccc2cc1C
1-Nitronapthalene,-3.414,1,173.171,0,2,1,43.14,-3.54,O=N(=O)c1cccc2ccccc12
Carbaryl,-3.087,1,201.225,1,2,1,38.33,-3.224,CNC(=O)Oc1cccc2ccccc12
Kepone,-5.112,1,490.6390000000002,0,6,0,17.07,-5.259,ClC1(C(=O)C2(Cl)C3(Cl)C14Cl)C5(Cl)C2(Cl)C3(Cl)C(Cl)(Cl)C45Cl
Apazone,-2.9,1,300.36200000000014,0,3,2,56.22000000000001,-3.5380000000000003,CCCC1C(=O)N3N(C1=O)c2cc(C)ccc2N=C3N(C)C 
brompyrazone,-3.005,1,266.098,1,2,1,60.91,-3.127,c1ccccc1n2ncc(N)c(Br)c2(=O)
norflurazon,-4.029,1,303.67100000000005,1,2,2,46.92,-4.046,CNc2cnn(c1cccc(c1)C(F)(F)F)c(=O)c2Cl
Pyrazon,-2.603,1,221.64700000000002,1,2,1,60.91,-2.878,Nc2cnn(c1ccccc1)c(=O)c2Cl
osthole,-4.0760000000000005,1,244.28999999999996,0,2,3,39.44,-4.314,c1cc2ccc(OC)c(CC=C(C)(C))c2oc1=O 
Coumaphos,-5.04,1,362.7710000000001,0,2,6,57.9,-5.3820000000000014,CCOP(=S)(OCC)Oc2ccc1oc(=O)c(Cl)c(C)c1c2
Thiophene,-2.232,2,84.14299999999999,0,1,0,0.0,-1.33,c1ccsc1
Morin,-2.7310000000000003,1,302.23800000000006,5,3,1,131.36,-3.083,Oc1ccc(c(O)c1)c3oc2cc(O)cc(O)c2c(=O)c3O 
Chlorthalidone,-2.564,1,338.7720000000001,3,3,2,109.49,-3.451,NS(=O)(=O)c1cc(ccc1Cl)C2(O)NC(=O)c3ccccc23
Etomidate,-3.359,1,244.294,0,2,4,44.12,-4.735,CCOC(=O)c1cncn1C(C)c2ccccc2
Theophylline,-1.452,1,180.167,1,2,0,72.68,-1.39,Cn1c(=O)n(C)c2nc[nH]c2c1=O
theobromine,-1.05,1,180.167,1,2,0,72.68,-2.523,Cn1cnc2n(C)c(=O)[nH]c(=O)c12 
Dyphylline,-0.847,1,254.24599999999995,2,2,3,102.28,-0.17,Cn2c(=O)n(C)c1ncn(CC(O)CO)c1c2=O
Caffeine,-1.4980000000000002,1,194.194,0,2,0,61.82,-0.8759999999999999,Cn1cnc2n(C)c(=O)n(C)c(=O)c12
Tetrafluthrin,-6.339,1,418.73600000000016,0,2,4,26.3,-7.3210000000000015,Cc1c(F)c(F)c(COC(=O)C2C(C=C(Cl)C(F)(F)F)C2(C)C)c(F)c1F
Mirex,-6.155,1,545.5460000000002,0,6,0,0.0,-6.8,ClC1(C2(Cl)C3(Cl)C4(Cl)C5(Cl)C1(Cl)C3(Cl)Cl)C5(Cl)C(Cl)(Cl)C24Cl
alloxantin,0.919,1,286.156,6,2,1,191.0,-1.99,C1(=O)NC(=O)NC(=O)C1(O)C2(O)C(=O)NC(=O)NC2(=O)
nifedipine,-4.248,1,346.33900000000017,1,2,4,107.77,-4.76,COC(=O)C1=C(C)NC(=C(C1c2ccccc2N(=O)=O)C(=O)OC)C 
bromadiolone,-7.877000000000002,1,527.4140000000001,2,5,6,70.67,-4.445,OC(CC(c1ccccc1)c3c(O)c2ccccc2oc3=O)c4ccc(cc4)c5ccc(Br)cc5 
Stanolone,-3.882,1,290.44699999999995,1,4,0,37.3,-4.743,CC34CCC1C(CCC2CC(=O)CCC12C)C3CCC4O 
Napthacene,-5.568,2,228.294,0,4,0,0.0,-8.6,c1ccc2cc3cc4ccccc4cc3cc2c1
hydrazobenzene,-3.492,2,184.24200000000002,2,2,3,24.06,-2.92,N(Nc1ccccc1)c2ccccc2 
Fenarimol,-4.1080000000000005,1,331.202,1,3,3,46.01000000000001,-4.38,OC(c1ccc(Cl)cc1)(c2cncnc2)c3ccccc3Cl
Abate,-6.678,1,466.47900000000016,0,2,10,55.38000000000001,-6.237,COP(=S)(OC)Oc1ccc(Sc2ccc(OP(=S)(OC)OC)cc2)cc1
Pyridine,-1.481,2,79.10199999999998,0,1,0,12.89,0.76,c1ccncc1
"3,4-Dimethylpyridine",-2.067,1,107.156,0,1,0,12.89,0.36,Cc1ccncc1C
"2,6-Dimethylpyridine",-2.0980000000000003,1,107.156,0,1,0,12.89,0.45,Cc1cccc(C)n1
"2,3-Dimethylpyridine",-2.067,1,107.156,0,1,0,12.89,0.38,Cc1cccnc1C
2-Hydroxypyridine,-1.655,1,95.101,1,1,0,33.120000000000005,1.02,Oc1ccccn1
"2,4-Dimethylpyridine",-2.0980000000000003,1,107.156,0,1,0,12.89,0.38,Cc1ccnc(C)c1
chlorpyrifos,-4.972,1,350.591,0,1,6,40.58,-5.67,CCOP(=S)(OCC)Oc1nc(Cl)c(Cl)cc1Cl 
Isonazid,-0.7170000000000001,1,137.14200000000002,2,1,1,68.01,0.009000000000000001,c1nccc(C(=O)NN)c1
methyl nicotinate,-1.621,1,137.138,0,1,1,39.19,-0.46,COC(=O)c1cccnc1 
2-Ethyl pyridine,-2.051,1,107.15599999999998,0,1,1,12.89,0.51,CCc1ccccn1
"3,5-Dimethylpyridine",-2.0980000000000003,1,107.15599999999998,0,1,0,12.89,0.38,Cc1cncc(C)c1
nicotinamide,-0.964,1,122.12699999999997,1,1,1,55.98,0.61,NC(=O)c1cccnc1 
Nitrapyrin,-3.833,1,230.90900000000002,0,1,0,12.89,-3.76,Clc1cccc(n1)C(Cl)(Cl)Cl
4-hydroxypyridine,-1.655,1,95.10099999999998,1,1,0,33.120000000000005,1.02,Oc1ccncc1
chloralose,-1.887,1,309.529,3,2,2,88.38000000000002,-1.84,OCC(O)C2OC1OC(OC1C2O)C(Cl)(Cl)Cl 
Menadione,-2.667,1,172.18299999999996,0,2,0,34.14,-3.03,CC2=CC(=O)c1ccccc1C2=O 
Quinonamid,-3.988,1,332.57000000000005,1,2,3,63.24,-5.03,ClC(Cl)CC(=O)NC2=C(Cl)C(=O)c1ccccc1C2=O
allopurinol,-0.84,1,136.114,2,2,0,74.43,-2.266,O=c1[nH]cnc2[nH]ncc12 
meconin,-0.825,1,196.202,0,2,2,44.76000000000001,-1.899,c1c(OC)c(OC)C2C(=O)OCC2c1
Acridine,-3.846,2,179.22199999999995,0,3,0,12.89,-3.67,c3ccc2nc1ccccc1cc2c3
1-aminoacridine,-3.542,1,194.237,1,3,0,38.91,-4.22,Nc2cccc3nc1ccccc1cc23 
Epiandrosterone,-3.882,1,290.447,1,4,0,37.3,-4.16,CC34CCC1C(CCC2CC(O)CCC12C)C3CCC4=O
Androsterone,-3.882,1,290.447,1,4,0,37.3,-4.402,CC12CCC(O)CC1CCC3C2CCC4(C)C3CCC4=O
triforine,-3.715,1,430.93400000000014,2,1,6,64.68,-4.19,ClC(Cl)(Cl)C(NC=O)N1C=CN(C=C1)C(NC=O)C(Cl)(Cl)Cl 
Flucythrinate,-6.877999999999999,1,451.46900000000005,0,3,9,68.55000000000001,-6.876,CC(C)C(C(=O)OC(C#N)c1cccc(Oc2ccccc2)c1)c3ccc(OC(F)F)cc3
"2,2,4,6,6'-PCB",-6.545,1,326.437,0,2,1,0.0,-7.32,Clc1cc(Cl)c(c(Cl)c1)c2c(Cl)cccc2Cl
"2,2',3,4,6-PCB",-6.627000000000002,1,326.437,0,2,1,0.0,-7.43,Clc1ccc(c(Cl)c1)c2c(Cl)ccc(Cl)c2Cl 
3-Chlorobiphenyl,-4.685,1,188.657,0,2,1,0.0,-4.88,c1c(Cl)cccc1c2ccccc2
"2,2',3,3',5,6-PCB",-7.185,1,360.88200000000006,0,2,1,0.0,-8.6,Clc1cccc(c1Cl)c2c(Cl)c(Cl)cc(Cl)c2Cl 
"2,2',3,3',5,5',6,6'-PCB",-8.304,1,429.77200000000016,0,2,1,0.0,-9.15,Clc1cc(Cl)c(Cl)c(c1Cl)c2c(Cl)c(Cl)cc(Cl)c2Cl 
"2,2'-PCB",-4.984,1,223.102,0,2,1,0.0,-5.27,Clc1ccccc1c2ccccc2Cl 
"2,3',5-PCB",-5.7620000000000005,1,257.547,0,2,1,0.0,-6.01,Clc1cccc(c1)c2cc(Cl)ccc2Cl 
"2,3',4',5-PCB",-6.312,1,291.992,0,2,1,0.0,-7.25,Clc1ccc(Cl)c(c1)c2ccc(Cl)c(Cl)c2
2-Chlorobiphenyl,-4.5280000000000005,1,188.657,0,2,1,0.0,-4.54,Clc1ccccc1c2ccccc2
"2,4'-PCB",-5.142,1,223.102,0,2,1,0.0,-5.28,Clc1ccc(cc1)c2ccccc2Cl 
"4,4'-PCB",-5.299,1,223.102,0,2,1,0.0,-6.56,Clc1ccc(cc1)c2ccc(Cl)cc2 
4-Methylbiphenyl,-4.424,1,168.239,0,2,1,0.0,-4.62,Cc1ccc(cc1)c2ccccc2
"2,2',3,3',4,4',5,5'-PCB",-8.468,1,429.77200000000016,0,2,1,0.0,-9.16,Clc1cc(c(Cl)c(Cl)c1Cl)c2cc(Cl)c(Cl)c(Cl)c2Cl
"2,2',3,4,5-PCB",-6.709,1,326.437,0,2,1,0.0,-7.21,Clc1cc(Cl)c(cc1Cl)c2cccc(Cl)c2Cl 
"2',3,4-PCB",-5.686,1,257.547,0,2,1,0.0,-6.29,Clc1ccc(cc1)c2cccc(Cl)c2Cl 
"3,4-PCB",-5.223,1,223.102,0,2,1,0.0,-6.39,Clc1ccc(cc1Cl)c2ccccc2 
"2,2',3,3'-PCB",-6.079,1,291.992,0,2,1,0.0,-7.28,Clc1cccc(c1Cl)c2cccc(Cl)c2Cl
p-Phenylphenol,-3.701,1,170.21099999999998,1,2,1,20.23,-3.48,Oc1ccc(cc1)c2ccccc2
"2,2',4,5'-PCB",-6.23,1,291.992,0,2,1,0.0,-6.57,Clc1ccc(c(Cl)c1)c2cc(Cl)ccc2Cl 
"2,3',4,4'-PCB",-6.709,1,326.437,0,2,1,0.0,-7.8,Clc1ccc(c(Cl)c1)c2ccc(Cl)c(Cl)c2Cl 
"2,2',3,3',4,4'-PCB",-7.192,1,360.88200000000006,0,2,1,0.0,-8.01,Clc1ccc(c(Cl)c1Cl)c2ccc(Cl)c(Cl)c2Cl 
p-benzidine,-2.613,1,184.24200000000002,2,2,1,52.04,-2.7,Nc1ccc(cc1)c2ccc(N)cc2
"2,3,4,5,6-PCB",-6.785,1,326.437,0,2,1,0.0,-7.92,Clc2c(Cl)c(Cl)c(c1ccccc1)c(Cl)c2Cl 
"2,2',3,3',4,4',5,5',6,6'-PCB",-9.589,1,498.6620000000002,0,2,1,0.0,-11.6,Clc1c(Cl)c(Cl)c(c(Cl)c1Cl)c2c(Cl)c(Cl)c(Cl)c(Cl)c2Cl 
"2,2',3,4,4',5',6-PCB",-7.898,1,395.32700000000017,0,2,1,0.0,-7.92,Clc1ccc(c(Cl)c1)c2c(Cl)c(Cl)c(Cl)c(Cl)c2Cl
"2,2',3,4,5,5'-PCB",-7.343,1,360.88200000000006,0,2,1,0.0,-7.68,Clc1ccc(Cl)c(c1)c2cc(Cl)c(Cl)c(Cl)c2Cl
"2,2',3,5'-PCB",-6.155,1,291.99200000000013,0,2,1,0.0,-6.47,Clc1ccc(Cl)c(c1)c2cccc(Cl)c2Cl 
"2,2',3,5,5',6-PCB",-7.261,1,360.88200000000006,0,2,1,0.0,-7.42,Clc1ccc(Cl)c(c1)c2c(Cl)c(Cl)cc(Cl)c2Cl 
"2,3,3',4,4',5-PCB",-7.425,1,360.88200000000006,0,2,1,0.0,-7.82,Clc1ccc(cc1Cl)c2cc(Cl)c(Cl)c(Cl)c2Cl 
Biphenyl,-4.079,2,154.21199999999996,0,2,1,0.0,-4.345,c1ccc(cc1)c2ccccc2
"2,2',4,4',6,6'-PCB",-7.1789999999999985,1,360.88200000000006,0,2,1,0.0,-8.71,Clc1cc(Cl)c(c(Cl)c1)c2c(Cl)cc(Cl)cc2Cl 
"2,2',3,4,5,5',6-PCB",-7.898,1,395.32700000000017,0,2,1,0.0,-8.94,Clc1ccc(Cl)c(c1)c2c(Cl)c(Cl)c(Cl)c(Cl)c2Cl
"2,4',5-PCB",-5.7620000000000005,1,257.547,0,2,1,0.0,-6.25,Clc1ccc(cc1)c2cc(Cl)ccc2Cl 
"2,3',4,4',5-PCB",-7.343,1,360.88200000000006,0,2,1,0.0,-7.39,Clc1ccc(c(Cl)c1)c2cc(Cl)c(Cl)c(Cl)c2Cl 
"2,6-PCB",-4.984,1,223.102,0,2,1,0.0,-5.21,Clc1cccc(Cl)c1c2ccccc2 
"2,4,6-PCB",-5.604,1,257.547,0,2,1,0.0,-6.14,Clc1ccc(cc1)c2c(Cl)cccc2Cl 
"2,2',6,6'-PCB",-5.915,1,291.992,0,2,1,0.0,-7.39,Clc1cccc(Cl)c1c2c(Cl)cccc2Cl 
"2,2',4,4',5,5'-PCB",-7.343,1,360.88200000000006,0,2,1,0.0,-8.56,Clc1cc(Cl)c(cc1Cl)c2cc(Cl)c(Cl)cc2Cl 
"2,3,3',4,4'6-PCB",-7.746,1,395.32700000000017,0,2,1,0.0,-7.66,Clc1ccc(c(Cl)c1Cl)c2c(Cl)cc(Cl)c(Cl)c2Cl 
Cholanthrene,-5.942,2,254.332,0,5,0,0.0,-7.85,C1Cc2c3c1cccc3cc4c2ccc5ccccc54
3-Methylcholanthrene,-6.311,1,268.3589999999999,0,5,0,0.0,-7.92,c1cc(C)cc2c1c3cc4cccc5CCc(c45)c3cc2
Benzo(k)fluoranthene,-6.0070000000000014,2,252.316,0,5,0,0.0,-8.49,c1ccc2cc3c4cccc5cccc(c3cc2c1)c45
Cycloheptane,-2.9160000000000004,2,98.189,0,1,0,0.0,-3.51,C1CCCCCC1
Cycloheptanol,-1.7,1,114.18799999999999,1,1,0,20.23,-0.88,OC1CCCCCC1
Norea,-2.47,1,222.33199999999997,1,3,1,32.34,-3.1710000000000003,CN(C)C(=O)NC1CC2CC1C3CCCC23
diethylstilbestrol,-5.074,1,268.356,2,2,4,40.46,-4.07,CCC(=C(CC)c1ccc(O)cc1)c2ccc(O)cc2 
Mebendazole,-4.118,1,295.298,2,3,3,84.07999999999998,-3.88,COC(=O)Nc2nc1ccc(cc1[nH]2)C(=O)c3ccccc3
Glafenine,-5.052,1,372.80800000000016,3,3,6,91.68,-4.5710000000000015,OCC(O)COC(=O)c1ccccc1Nc2ccnc3cc(Cl)ccc23
captafol,-4.365,1,349.06600000000014,0,2,3,37.38,-5.4,ClC(Cl)C(Cl)(Cl)SN2C(=O)C1CC=CCC1C2=O 
Glutethimide,-2.591,1,217.268,1,2,2,46.17,-2.337,CCC1(CCC(=O)NC1=O)c2ccccc2 
Isocarboxazid,-2.251,1,231.255,2,2,4,67.16,-2.461,Cc1cc(no1)C(=O)NNCc2ccccc2
Warfarin,-3.913,1,308.33300000000014,1,3,4,67.50999999999999,-3.893,CC(=O)CC(c1ccccc1)c3c(O)c2ccccc2oc3=O 
Coumachlor,-4.5539999999999985,1,342.77800000000013,1,3,4,67.50999999999999,-5.839,CC(=O)CC(c1ccc(Cl)cc1)c2c(O)c3ccccc3oc2=O
Lactose,1.071,1,342.29699999999997,8,2,4,189.53,-0.244,OCC1OC(OC2C(O)C(O)C(O)OC2CO)C(O)C(O)C1O
Eriodictyol,-3.152,1,288.255,4,3,1,107.22,-3.62,Oc2cc(O)c1C(=O)CC(Oc1c2)c3ccc(O)c(O)c3
styrene oxide,-1.826,2,120.15099999999997,0,2,1,12.53,-1.6,C1OC1c2ccccc2 
Triamterene,-3.051,1,253.26900000000003,3,3,1,129.62,-2.404,Nc3nc(N)c2nc(c1ccccc1)c(N)nc2n3
"2,7-dimethylquinoline",-3.342,1,157.216,0,2,0,12.89,-1.94,c2c(C)cc1nc(C)ccc1c2 
6-hydroxyquinoline,-2.725,1,145.161,1,2,0,33.120000000000005,-2.16,Oc2ccc1ncccc1c2 
5-hydroxyquinoline,-2.725,1,145.161,1,2,0,33.120000000000005,-2.54,Oc1cccc2ncccc12 
8-quinolinol,-2.725,1,145.16099999999997,1,2,0,33.120000000000005,-2.42,Oc1cccc2cccnc12 
Quinoline,-2.6630000000000003,2,129.16199999999998,0,2,0,12.89,-1.3,c1ccc2ncccc2c1
nevirapine,-3.397,1,266.30400000000003,1,4,1,58.12000000000001,-3.19,Cc3ccnc4N(C1CC1)c2ncccc2C(=O)Nc34 
Cyclopropyl-5-spirobarbituric acid,-0.08800000000000001,1,154.125,2,2,0,75.27,-1.886,O=C2NC(=O)C1(CC1)C(=O)N2 
megestrol acetate,-4.417,1,384.51600000000013,0,4,2,60.44000000000001,-5.35,CC(=O)OC3(CCC4C2C=C(C)C1=CC(=O)CCC1(C)C2CCC34C)C(C)=O 
Medrogestone,-4.593,1,340.5070000000001,0,4,1,34.14,-5.27,CC(=O)C3(C)CCC4C2C=C(C)C1=CC(=O)CCC1(C)C2CCC34C
Flurochloridone,-4.749,1,312.118,0,2,2,20.31,-4.047,FC(F)(F)c1cccc(c1)N2CC(CCl)C(Cl)C2=O
hydrochlorothiazide,-1.72,1,297.745,3,2,1,118.36,-2.63,NS(=O)(=O)c2cc1c(NCNS1(=O)=O)cc2Cl 
Trichlomethiazide,-2.98,1,380.662,3,2,2,118.36,-2.68,NS(=O)(=O)c2cc1c(NC(NS1(=O)=O)C(Cl)Cl)cc2Cl 
Coronene,-6.885,2,300.36000000000007,0,7,0,0.0,-9.332,c1cc2ccc3ccc4ccc5ccc6ccc1c7c2c3c4c5c67
Niclosamide,-5.032,1,327.1230000000001,2,2,3,92.47,-4.7,Oc1ccc(Cl)cc1C(=O)Nc2ccc(cc2Cl)N(=O)=O
benodanil,-4.245,1,323.133,1,2,2,29.1,-4.21,c1c(NC(=O)c2ccccc2(I))cccc1
Xipamide,-3.642,1,354.81500000000017,3,2,3,109.48999999999998,-3.79,Cc1cccc(C)c1NC(=O)c2cc(c(Cl)cc2O)S(N)(=O)=O
salicylanilide,-3.782,1,213.236,2,2,2,49.33,-3.59,c1ccccc1NC(=O)c2c(O)cccc2
Nitrofen,-5.3610000000000015,1,284.098,0,2,3,52.37,-5.46,Clc2ccc(Oc1ccc(cc1)N(=O)=O)c(Cl)c2
Fenoxycarb,-4.662,1,301.3420000000001,1,2,7,56.790000000000006,-4.7,CCOC(=O)NCCOc2ccc(Oc1ccccc1)cc2
Difenoxuron,-3.928,1,286.33099999999996,1,2,4,50.8,-4.16,COc2ccc(Oc1ccc(NC(=O)N(C)C)cc1)cc2
Triclosan,-5.645,1,289.545,1,2,2,29.46,-4.46,Oc1cc(Cl)ccc1Oc2ccc(Cl)cc2Cl
Chloroxuron,-4.477,1,290.75,1,2,3,41.57000000000001,-4.89,CN(C)C(=O)Nc2ccc(Oc1ccc(Cl)cc1)cc2
Diphenyl ether ,-4.254,2,170.21099999999998,0,2,2,9.23,-3.96,O(c1ccccc1)c2ccccc2
Benzo[ghi]perylene,-6.4460000000000015,2,276.33799999999997,0,6,0,0.0,-9.018,c1cc2ccc3ccc4ccc5cccc6c(c1)c2c3c4c56
Deoxycorticosterone,-3.939,1,330.46800000000013,1,4,2,54.37000000000001,-3.45,CC12CCC3C(CCC4=CC(=O)CCC34C)C2CCC1C(=O)CO
Fludrocortisone,-3.172,1,380.4560000000001,3,4,2,94.83,-3.43,CC34CC(O)C1(F)C(CCC2=CC(=O)CCC12C)C3CCC4(O)C(=O)CO 
Ethisterone,-3.858,1,312.4530000000001,1,4,0,37.3,-5.66,CC12CCC(=O)C=C1CCC3C2CCC4(C)C3CCC4(O)C#C 
17a-Methyltestosterone,-4.073,1,302.45800000000014,1,4,0,37.3,-3.999,CC1(O)CCC2C3CCC4=CC(=O)CCC4(C)C3CCC21C
Hydrocortisone ,-3.159,1,362.4660000000002,3,4,2,94.83,-3.09,CC12CC(O)C3C(CCC4=CC(=O)CCC34C)C2CCC1(O)C(=O)CO
deoxycorticosterone acetate,-4.472,1,372.50500000000017,0,4,3,60.44000000000001,-4.63,CC(=O)OCC(=O)C3CCC4C2CCC1=CC(=O)CCC1(C)C2CCC34C 
Progesterone,-4.17,1,314.46900000000005,0,4,1,34.14,-4.42,CC(=O)C1CCC2C3CCC4=CC(=O)CCC4(C)C3CCC12C
testosterone acetate,-4.449,1,330.46800000000013,0,4,1,43.37000000000001,-5.184,CC(=O)OC3CCC4C2CCC1=CC(=O)CCC1(C)C2CCC34C 
Hydroxyprogesterone-17a,-3.876,1,330.46800000000013,1,4,1,54.37,-3.817,CC(=O)C1(O)CCC2C3CCC4=CC(=O)CCC4(C)C3CCC21C
aldosterone,-3.0660000000000003,1,360.4500000000001,2,4,3,91.67000000000002,-3.85,CC13CCC(=O)C=C1CCC4C2CCC(C(=O)CO)C2(CC(O)C34)C=O 
testosterone propionate,-4.87,1,344.4950000000002,0,4,2,43.37000000000001,-5.37,CCC(=O)OC3CCC4C2CCC1=CC(=O)CCC1(C)C2CCC34C 
Testosterone,-3.659,1,288.431,1,4,0,37.3,-4.02,CC12CCC3C(CCC4=CC(=O)CCC34C)C2CCC1O
Hydrocortisone 21-acetate,-3.692,1,404.50300000000016,2,4,3,100.90000000000002,-4.88,CC(=O)OCC(=O)C1(O)CCC2C3CCC4=CC(=O)CCC4(C)C3C(O)CC21C
methyltestosterone acetate,-4.863,1,344.4950000000002,0,4,1,43.37000000000001,-5.284,CC(=O)OC3(C)CCC4C2CCC1=CC(=O)CCC1(C)C2CCC34C 
Corticosterone,-3.454,1,346.46700000000016,2,4,2,74.6,-3.24,CC12CC(O)C3C(CCC4=CC(=O)CCC34C)C2CCC1C(=O)CO
Norethisterone,-2.669,1,314.42500000000007,2,4,0,57.53,-4.57,CC34CCC1C(CCC2=CC(=O)CCC12O)C3CCC4(O)C#C
norethindrone acetate,-4.2410000000000005,1,340.46300000000014,0,4,1,43.37000000000001,-4.8,CC(=O)OC3(CCC4C2CCC1=CC(=O)CCC1C2CCC34C)C#C
Aldrin,-5.511,1,364.914,0,4,0,0.0,-6.307,ClC1=C(Cl)C2(Cl)C3C4CC(C=C4)C3C1(Cl)C2(Cl)Cl
acetyl sulfisoxazole,-2.024,1,293.34800000000007,1,2,3,89.43,-3.59,CC(=O)N(S(=O)c1ccc(N)cc1)c2onc(C)c2C 
Benzo(b)fluorene,-5.189,2,216.283,0,4,0,0.0,-8.04,C1c2ccccc2c3cc4ccccc4cc13
RTI 16,-3.411,1,270.361,0,3,1,32.260000000000005,-4.634,CCN2c1ncccc1N(C)C(=S)c3cccnc23 
uric acid,-0.541,1,168.112,4,2,0,114.36999999999998,-3.93,O=c2[nH]c(=O)c1[nH]c(=O)[nH]c1[nH]2 
Oxadiazon,-5.265,1,345.22600000000017,0,2,3,57.26,-5.6960000000000015,CC(C)Oc1cc(c(Cl)cc1Cl)n2nc(oc2=O)C(C)(C)C
Dimefuron,-3.831,1,338.79500000000013,1,2,2,80.37,-4.328,CN(C)C(=O)Nc1ccc(c(Cl)c1)n2nc(oc2=O)C(C)(C)C
Triadimefon,-4.132,1,293.754,0,2,4,57.01000000000001,-3.61,CC(C)(C)C(=O)C(Oc1ccc(Cl)cc1)n2cncn2
Amigdalin,-0.974,1,457.43200000000013,7,3,7,202.32,-0.77,OCC3OC(OCC2OC(OC(C#N)c1ccccc1)C(O)C(O)C2O)C(O)C(O)C3O 
p-terphenyl,-5.7410000000000005,2,230.31,0,3,2,0.0,-7.11,c1ccc(cc1)c2ccc(cc2)c3ccccc3
Perylene,-6.0070000000000014,2,252.316,0,5,0,0.0,-8.804,c1cc2cccc3c4cccc5cccc(c(c1)c23)c54
Santonin,-2.43,1,246.30599999999995,0,3,0,43.37000000000001,-3.09,CC3C2CCC1(C)C=CC(=O)C(=C1C2OC3=O)C
Benzo(e)pyrene,-6.0070000000000014,2,252.316,0,5,0,0.0,-7.8,c1ccc2c(c1)c3cccc4ccc5cccc2c5c43
Dialifor,-5.026,1,393.85400000000016,0,2,8,55.84,-6.34,CCOP(=S)(OCC)SC(CCl)N1C(=O)c2ccccc2C1=O
Dialifos,-5.026,1,393.85400000000016,0,2,8,55.84,-6.34,CCOP(=S)(OCC)SC(CCl)N2C(=O)c1ccccc1C2=O
phthalimide,-1.882,1,147.13299999999995,1,2,0,46.17,-2.61,O=C1NC(=O)c2ccccc12 
Ditalimfos,-3.992,1,299.28800000000007,0,2,5,55.84,-3.35,CCOP(=S)(OCC)N2C(=O)c1ccccc1C2=O
Metronidazole,-0.8590000000000001,1,171.15599999999995,1,1,3,81.19,-1.22,Cc1ncc(N(=O)=O)n1CCO
Metranidazole,-0.8590000000000001,1,171.15599999999995,1,1,3,81.19,-1.26,Cc1ncc(N(=O)=O)n1CCO 
guanine,-0.67,1,151.129,3,2,0,100.45,-3.583,Nc2nc1[nH]cnc1c(=O)[nH]2 
Lovastatin,-4.731,1,404.54700000000025,1,3,6,72.83,-6.005,CCC(C)C(=O)OC2CC(C)C=C3C=CC(C)C(CCC1CC(O)CC(=O)O1)C23 
phenylbutazone,-4.0760000000000005,1,308.3810000000001,0,3,5,40.62000000000001,-3.81,CCCCC1C(=O)N(N(C1=O)c2ccccc2)c3ccccc3 
kebuzone,-2.645,1,322.3640000000001,0,3,5,57.69000000000001,-3.27,CC(=O)CCC1C(=O)N(N(C1=O)c2ccccc2)c3ccccc3
oxyphenbutazone,-3.739,1,324.38000000000005,1,3,5,60.85000000000001,-3.73,CCCCC1C(=O)N(N(C1=O)c2ccc(O)cc2)c3ccccc3 
cyclobarbital,-2.421,1,236.27099999999996,2,2,2,75.27000000000002,-2.17,CCC1(C(=O)NC(=O)NC1=O)C2=CCCCC2 
piroxicam,-3.4730000000000003,1,331.353,2,3,2,99.6,-4.16,CN2C(=C(O)c1ccccc1S2(=O)=O)C(=O)Nc3ccccn3 
chlorquinox,-4.438,1,267.93,0,2,0,25.78,-5.43,c2(Cl)c(Cl)c(Cl)c1nccnc1c2(Cl) 
Piperine,-3.659,1,285.343,0,3,3,38.77,-3.46,O=C(C=CC=Cc2ccc1OCOc1c2)N3CCCCC3
Cyclobutyl-5-spirobarbituric acid,-0.527,1,168.15200000000004,2,2,0,75.27,-1.655,O=C2NC(=O)C1(CCC1)C(=O)N2
Estrone,-3.872,1,270.372,1,4,0,37.3,-3.955,CC12CCC3C(CCc4cc(O)ccc34)C2CCC1=O
pregnenolone,-4.342,1,316.48500000000007,1,4,1,37.3,-4.65,CC(=O)C3CCC4C2CC=C1CC(O)CCC1(C)C2CCC34C 
Fluoranthene,-4.957,2,202.256,0,4,0,0.0,-6.0,c1ccc2c(c1)c3cccc4cccc2c34
ethofumesate,-3.184,1,286.3490000000001,0,2,4,61.83000000000001,-3.42,CCOC2Oc1ccc(OS(C)(=O)=O)cc1C2(C)C
Carbofuran,-3.05,1,221.25599999999997,1,2,1,47.56,-2.8,CNC(=O)Oc1cccc2CC(C)(C)Oc12
Benfuracarb,-5.132999999999999,1,410.5360000000002,0,2,8,68.31,-4.71,CCOC(=O)CCN(SN(C)C(=O)Oc1cccc2CC(C)(C)Oc21)C(C)C
nifuroxime,-1.843,1,156.09699999999995,1,1,2,88.87,-2.19,ON=Cc1ccc(o1)N(=O)=O 
Furfural,-1.391,1,96.08499999999998,0,1,1,30.21,-0.1,O=Cc1ccco1
Furane,-1.837,2,68.07499999999999,0,1,0,13.14,-0.82,c1ccoc1
Methoxychlor,-5.5379999999999985,1,345.65299999999985,0,2,4,18.46,-6.89,COc1ccc(cc1)C(c2ccc(OC)cc2)C(Cl)(Cl)Cl
DDD,-6.007999999999999,1,320.04600000000005,0,2,3,0.0,-7.2,ClC(Cl)C(c1ccc(Cl)cc1)c2ccc(Cl)cc2
benzhydrol,-3.033,1,184.238,1,2,2,20.23,-2.55,c1ccccc1C(O)c2ccccc2
Dicofol,-6.268,1,370.49,1,2,2,20.23,-5.666,OC(c1ccc(Cl)cc1)(c2ccc(Cl)cc2)C(Cl)(Cl)Cl
"O,P'-DDD",-6.007999999999999,1,320.04600000000005,0,2,3,0.0,-6.51,ClC(Cl)C(c1ccc(Cl)cc1)c2ccccc2Cl 
chloropropylate,-5.093,1,339.21800000000013,1,2,4,46.53,-4.53,c1ccc(Cl)cc1C(c2ccc(Cl)cc2)(O)C(=O)OC(C)C
diphenamid,-3.147,1,239.31799999999998,0,2,3,20.31,-2.98,CN(C)C(=O)C(c1ccccc1)c2ccccc2 
DDT,-6.638,1,354.491,0,2,2,0.0,-7.15,Clc1ccc(cc1)C(c2ccc(Cl)cc2)C(Cl)(Cl)Cl
Diphenylmethane,-4.09,2,168.239,0,2,2,0.0,-4.08,C(c1ccccc1)c2ccccc2
bromopropylate,-5.832999999999998,1,428.12000000000006,1,2,4,46.53,-4.93,CC(C)OC(=O)C(O)(c1ccc(Br)cc1)c2ccc(Br)cc2 
"P,P'-DDD",-6.007999999999999,1,320.04600000000005,0,2,3,0.0,-7.2,ClC(Cl)C(c1ccc(Cl)cc1)c2ccc(Cl)cc2 
Dichlorophen,-4.924,1,269.127,2,2,2,40.46,-3.953,Oc1ccc(Cl)cc1Cc2cc(Cl)ccc2O
Vinclozolin,-4.377,1,286.1140000000001,0,2,2,46.61,-4.925,CC1(OC(=O)N(C1=O)c2cc(Cl)cc(Cl)c2)C=C
Picene,-6.6179999999999986,2,278.35400000000004,0,5,0,0.0,-7.87,c1ccc2c(c1)ccc3c2ccc4c5ccccc5ccc43
pyracarbolid,-2.83,1,217.26800000000003,1,2,2,38.33,-2.56,CC1=C(CCCO1)C(=O)Nc2ccccc2 
benzothiazole,-2.733,2,135.191,0,2,0,12.89,-1.5,c2ccc1scnc1c2 
Ethoxyzolamide,-3.085,1,258.324,1,2,3,82.28,-3.81,CCOc2ccc1nc(sc1c2)S(N)(=O)=O 
mercaptobenzothiazole,-3.411,1,167.25799999999995,1,2,0,12.89,-3.18,Sc2nc1ccccc1s2 
Danazol,-4.557,1,337.46300000000014,1,5,0,46.26000000000001,-5.5070000000000014,CC23Cc1cnoc1C=C2CCC4C3CCC5(C)C4CCC5(O)C#C
Coumatetralyl,-5.194,1,292.33400000000006,1,4,1,50.44,-2.84,O=c2c(C3CCCc4ccccc43)c(O)c1ccccc1o2 
Benzo(b)fluoranthene,-6.0070000000000014,2,252.316,0,5,0,0.0,-8.23,c1ccc2c(c1)c3cccc4c3c2cc5ccccc54
Benzotriazole,-2.21,2,119.12700000000001,1,2,0,41.57,-0.78,c2ccc1[nH]nnc1c2
Spironolactone,-3.842,1,416.58300000000025,0,5,1,60.44,-4.173,CC(=O)SC4CC1=CC(=O)CCC1(C)C5CCC2(C)C(CCC23CCC(=O)O3)C45
Anthraquinone,-3.34,1,208.216,0,3,0,34.14,-5.19,O=C1c2ccccc2C(=O)c3ccccc13
Khellin,-3.603,1,260.24499999999995,0,3,2,61.81,-3.0210000000000004,COc2c1occc1c(OC)c3c(=O)cc(C)oc23 
3-Hexanoyloxymethylphenyltoin,-4.1530000000000005,1,380.444,1,3,8,75.71,-5.886,O=C1N(COC(=O)CCCCC)C(=O)C(N1)(c2ccccc2)c3ccccc3
3-Octanoyloxymethylphenytoin,-4.84,1,408.49800000000005,1,3,10,75.71,-6.523,O=C1N(COC(=O)CCCCCCC)C(=O)C(N1)(c2ccccc2)c3ccccc3
3-Heptanoyloxymethylphenytoin,-4.496,1,394.471,1,3,9,75.71,-6.301,O=C1N(COC(=O)CCCCCC)C(=O)C(N1)(c2ccccc2)c3ccccc3
Phenytoin,-3.057,1,252.273,2,3,2,58.2,-4.097,O=C1NC(=O)C(N1)(c2ccccc2)c3ccccc3
3-Pentanoyloxymethylphenytoin,-3.81,1,366.417,1,3,7,75.71,-4.678,O=C1N(COC(=O)CCCC)C(=O)C(N1)(c2ccccc2)c3ccccc3
3-Ethanoyloxymethylphenytoin,-2.7230000000000003,1,324.33600000000007,1,3,4,75.71,-4.47,O=C1N(COC(=O)C)C(=O)C(N1)(c2ccccc2)c3ccccc3
3-Propanoyloxymethylphenytoin,-3.128,1,338.36300000000006,1,3,5,75.71,-4.907,O=C1N(COC(=O)CC)C(=O)C(N1)(c2ccccc2)c3ccccc3
3-Butanoyloxymethylphenytoin,-3.469,1,352.3900000000001,1,3,6,75.71,-5.0710000000000015,O=C1N(COC(=O)CCC)C(=O)C(N1)(c2ccccc2)c3ccccc3
Monotropitoside,-1.493,1,446.405,6,3,6,184.6,-0.742,COC(=O)c1ccccc1OC2OC(COC3OCC(O)C(O)C3O)C(O)C(O)C2O
parabanic acid,1.091,1,114.06,2,1,0,75.27,-0.4,O=C1NC(=O)C(=O)N1 
Fenfuram,-2.885,1,201.225,1,2,2,42.24,-3.3,Cc1occc1C(=O)Nc2ccccc2
Hypoxanthine,-0.6559999999999999,1,136.114,2,2,0,74.43,-2.296,O=c1[nH]cnc2nc[nH]c12 
2-pyrrolidone,0.243,1,85.10600000000002,1,1,0,29.1,1.07,O=C1CCCN1
Estradiol,-4.138,1,272.388,2,4,0,40.46,-5.03,CC12CCC3C(CCc4cc(O)ccc34)C2CCC1O
Ethinyl estradiol,-4.317,1,296.41,2,4,0,40.46,-4.3,CC34CCC1C(CCc2cc(O)ccc12)C3CCC4(O)C#C 
estriol,-3.858,1,288.387,3,4,0,60.69,-4.955,CC34CCC1C(CCc2cc(O)ccc12)C3CC(O)C4O 
TEFLUBENZURON,-5.4620000000000015,1,381.11200000000014,2,2,2,58.2,-7.28,Fc1cccc(F)c1C(=O)NC(=O)Nc2cc(Cl)c(F)c(Cl)c2F 
difluron,-4.692,1,310.687,2,2,2,58.2,-6.02,Fc1cccc(F)c1C(=O)NC(=O)Nc2ccc(Cl)cc2
Etofenprox,-6.896,1,376.496,0,3,9,27.69,-8.6,CCOc1ccc(cc1)C(C)(C)COCc3cccc(Oc2ccccc2)c3
Trietazine,-3.233,1,229.715,1,1,5,53.94000000000001,-4.06,CCNc1nc(Cl)nc(n1)N(CC)CC
Atrazine,-3.069,1,215.688,2,1,4,62.73,-3.85,CCNc1nc(Cl)nc(NC(C)C)n1
Ipazine,-3.497,1,243.742,1,1,5,53.94000000000001,-3.785,CCN(CC)c1nc(Cl)nc(NC(C)C)n1
Prometon,-3.448,1,225.296,2,1,5,71.96000000000002,-2.478,COc1nc(NC(C)C)nc(NC(C)C)n1
Chlorazine,-3.663,1,257.76899999999995,0,1,6,45.15000000000001,-4.4110000000000005,CCN(CC)c1nc(Cl)nc(n1)N(CC)CC
Ametryn,-3.43,1,227.33700000000002,2,1,5,62.73,-3.04,CCNc1nc(NC(C)C)nc(SC)n1
Terbutryn,-3.75,1,241.364,2,1,4,62.73,-4.0,CCNc1nc(NC(C)(C)C)nc(SC)n1
Atratone,-3.185,1,211.269,2,1,5,71.96000000000002,-2.084,CCNc1nc(NC(C)C)nc(OC)n1
simazine,-2.8110000000000004,1,201.66099999999997,2,1,4,62.73,-4.55,CCNc1nc(Cl)nc(NCC)n1 
Simetryn,-2.689,1,213.31,0,1,3,45.15000000000001,-2.676,CSc1nc(nc(n1)N(C)C)N(C)C
Methoproptryne,-3.259,1,271.39,2,1,8,71.96000000000002,-2.928,COCCCNc1nc(NC(C)C)nc(SC)n1
Cyanazine,-2.49,1,240.69799999999998,2,1,4,86.52,-3.15,CCNc1nc(Cl)nc(NC(C)(C)C#N)n1
Altretamine,-2.492,1,210.285,0,1,3,48.39000000000001,-3.364,CN(C)c1nc(nc(n1)N(C)C)N(C)C
Propazine,-3.329,1,229.71500000000003,2,1,4,62.73,-4.43,CC(C)Nc1nc(Cl)nc(NC(C)C)n1
Prometryn,-3.693,1,241.364,2,1,5,62.73,-4.1,CSc1nc(NC(C)C)nc(NC(C)C)n1
Terbumeton,-3.505,1,225.296,2,1,4,71.96000000000002,-3.239,CCNc1nc(NC(C)(C)C)nc(OC)n1
RTI 20,-3.663,1,255.292,0,3,2,20.31,-4.799,C2c1ccccc1N(CCF)C(=O)c3ccccc23 
Cortisone,-2.893,1,360.45000000000016,2,4,2,91.67,-3.11,CC12CC(=O)C3C(CCC4=CC(=O)CCC34C)C2CCC1(O)C(=O)CO
cortisone acetate,-3.426,1,402.48700000000025,1,4,3,97.74,-4.21,CC(=O)OCC(=O)C3(O)CCC4C2CCC1=CC(=O)CCC1(C)C2C(=O)CC34C 
Cyclopentene ,-1.72,2,68.11900000000001,0,1,0,0.0,-2.1,C1CC=CC1
Buthidazole,-2.398,1,256.331,1,2,1,69.56,-1.877,CN1CC(O)N(C1=O)c2nnc(s2)C(C)(C)C
tubercidin,-0.892,1,266.257,4,3,2,126.65,-1.95,Nc1ncnc2n(ccc12)C3OC(CO)C(O)C3O 
Ancymidol,-2.181,1,256.30499999999995,1,3,4,55.24,-2.596,COc1ccc(cc1)C(O)(C2CC2)c3cncnc3 
